Tournament,Stage,Match Type,Match Name,Map,Team,order,pistol_win_rate_last5,fullbuy_win_rate_last5,eco_win_rate_last5
VCT 2025: EMEA Kickoff,Main Event,Upper Round 1,BBL Esports vs GIANTX,Lotus,BBL Esports,0,,,
VCT 2025: EMEA Kickoff,Main Event,Upper Round 1,BBL Esports vs GIANTX,Lotus,GIANTX,0,,,
VCT 2025: EMEA Kickoff,Main Event,Upper Round 1,BBL Esports vs GIANTX,Haven,GIANTX,1,0.5,0.46153846153846156,0.3333333333333333
VCT 2025: EMEA Kickoff,Main Event,Upper Round 1,BBL Esports vs GIANTX,Haven,BBL Esports,1,0.5,0.7142857142857143,0.3333333333333333
VCT 2025: EMEA Kickoff,Main Event,Upper Round 1,BBL Esports vs GIANTX,Pearl,BBL Esports,2,0.75,0.5515873015873016,0.6666666666666666
VCT 2025: EMEA Kickoff,Main Event,Upper Round 1,BBL Esports vs GIANTX,Pearl,GIANTX,2,0.25,0.583710407239819,0.16666666666666666
VCT 2025: EMEA Kickoff,Main Event,Upper Round 1,Karmine Corp vs Natus Vincere,Abyss,Natus Vincere,3,,,
VCT 2025: EMEA Kickoff,Main Event,Upper Round 1,Karmine Corp vs Natus Vincere,Abyss,Karmine Corp,3,,,
VCT 2025: EMEA Kickoff,Main Event,Upper Round 1,Karmine Corp vs Natus Vincere,Bind,Natus Vincere,4,0.5,0.6,0.3333333333333333
VCT 2025: EMEA Kickoff,Main Event,Upper Round 1,Karmine Corp vs Natus Vincere,Bind,Karmine Corp,4,0.5,0.5454545454545454,0.3333333333333333
VCT 2025: EMEA Kickoff,Main Event,Upper Round 1,Karmine Corp vs Natus Vincere,Lotus,Natus Vincere,5,0.25,0.37142857142857144,0.16666666666666666
VCT 2025: EMEA Kickoff,Main Event,Upper Round 1,Karmine Corp vs Natus Vincere,Lotus,Karmine Corp,5,0.75,0.6616161616161615,0.6666666666666666
VCT 2025: EMEA Kickoff,Main Event,Upper Round 1,Team Liquid vs KOI,Fracture,Team Liquid,6,,,
VCT 2025: EMEA Kickoff,Main Event,Upper Round 1,Team Liquid vs KOI,Fracture,KOI,6,,,
VCT 2025: EMEA Kickoff,Main Event,Upper Round 1,Team Liquid vs KOI,Abyss,KOI,7,0.5,0.625,0.5
VCT 2025: EMEA Kickoff,Main Event,Upper Round 1,Team Liquid vs KOI,Abyss,Team Liquid,7,0.5,0.5384615384615384,0.3333333333333333
VCT 2025: EMEA Kickoff,Main Event,Upper Round 1,Team Liquid vs KOI,Bind,Team Liquid,8,0.5,0.7237762237762237,0.3333333333333333
VCT 2025: EMEA Kickoff,Main Event,Upper Round 1,Team Liquid vs KOI,Bind,KOI,8,0.5,0.3839285714285714,0.41666666666666663
VCT 2025: EMEA Kickoff,Main Event,Upper Round 1,Apeks vs Gentle Mates,Pearl,Gentle Mates,9,,,
VCT 2025: EMEA Kickoff,Main Event,Upper Round 1,Apeks vs Gentle Mates,Pearl,Apeks,9,,,
VCT 2025: EMEA Kickoff,Main Event,Upper Round 1,Apeks vs Gentle Mates,Haven,Gentle Mates,10,1.0,0.5454545454545454,1.0
VCT 2025: EMEA Kickoff,Main Event,Upper Round 1,Apeks vs Gentle Mates,Haven,Apeks,10,0.0,0.5454545454545454,0.0
VCT 2025: EMEA Kickoff,Main Event,Upper Quarterfinals,FNATIC vs BBL Esports,Abyss,BBL Esports,11,0.8333333333333334,0.5798460798460798,0.7777777777777777
VCT 2025: EMEA Kickoff,Main Event,Upper Quarterfinals,FNATIC vs BBL Esports,Abyss,FNATIC,11,,,
VCT 2025: EMEA Kickoff,Main Event,Upper Quarterfinals,FNATIC vs BBL Esports,Fracture,BBL Esports,12,0.75,0.6167027417027418,0.6666666666666666
VCT 2025: EMEA Kickoff,Main Event,Upper Quarterfinals,FNATIC vs BBL Esports,Fracture,FNATIC,12,0.5,0.3076923076923077,0.3333333333333333
VCT 2025: EMEA Kickoff,Main Event,Upper Quarterfinals,FNATIC vs BBL Esports,Split,BBL Esports,13,0.6,0.5683621933621934,0.5833333333333333
VCT 2025: EMEA Kickoff,Main Event,Upper Quarterfinals,FNATIC vs BBL Esports,Split,FNATIC,13,0.75,0.4230769230769231,0.6666666666666666
VCT 2025: EMEA Kickoff,Main Event,Upper Quarterfinals,Team Vitality vs Karmine Corp,Haven,Team Vitality,14,,,
VCT 2025: EMEA Kickoff,Main Event,Upper Quarterfinals,Team Vitality vs Karmine Corp,Haven,Karmine Corp,14,0.6666666666666666,0.6974876974876976,0.5555555555555555
VCT 2025: EMEA Kickoff,Main Event,Upper Quarterfinals,Team Vitality vs Karmine Corp,Bind,Karmine Corp,15,0.5,0.6064491064491064,0.41666666666666663
VCT 2025: EMEA Kickoff,Main Event,Upper Quarterfinals,Team Vitality vs Karmine Corp,Bind,Team Vitality,15,1.0,0.6363636363636364,1.0
VCT 2025: EMEA Kickoff,Main Event,Upper Quarterfinals,Team Vitality vs Karmine Corp,Abyss,Karmine Corp,16,0.5,0.6306138306138307,0.4
VCT 2025: EMEA Kickoff,Main Event,Upper Quarterfinals,Team Vitality vs Karmine Corp,Abyss,Team Vitality,16,0.75,0.5874125874125874,0.6666666666666666
VCT 2025: EMEA Kickoff,Main Event,Upper Quarterfinals,FUT Esports vs Team Liquid,Pearl,Team Liquid,17,0.5,0.6908508158508159,0.3333333333333333
VCT 2025: EMEA Kickoff,Main Event,Upper Quarterfinals,FUT Esports vs Team Liquid,Pearl,FUT Esports,17,,,
VCT 2025: EMEA Kickoff,Main Event,Upper Quarterfinals,FUT Esports vs Team Liquid,Fracture,FUT Esports,18,0.5,0.8461538461538461,0.25
VCT 2025: EMEA Kickoff,Main Event,Upper Quarterfinals,FUT Esports vs Team Liquid,Fracture,Team Liquid,18,0.5,0.6317744755244755,0.3333333333333333
VCT 2025: EMEA Kickoff,Main Event,Upper Quarterfinals,Team Heretics vs Gentle Mates,Abyss,Team Heretics,19,,,
VCT 2025: EMEA Kickoff,Main Event,Upper Quarterfinals,Team Heretics vs Gentle Mates,Abyss,Gentle Mates,19,0.75,0.5782828282828283,0.6666666666666666
VCT 2025: EMEA Kickoff,Main Event,Upper Quarterfinals,Team Heretics vs Gentle Mates,Fracture,Gentle Mates,20,0.8333333333333334,0.6077441077441077,0.7777777777777777
VCT 2025: EMEA Kickoff,Main Event,Upper Quarterfinals,Team Heretics vs Gentle Mates,Fracture,Team Heretics,20,0.0,0.4,0.0
VCT 2025: EMEA Kickoff,Main Event,Upper Quarterfinals,Team Heretics vs Gentle Mates,Pearl,Gentle Mates,21,0.625,0.5183080808080808,0.5833333333333333
VCT 2025: EMEA Kickoff,Main Event,Upper Quarterfinals,Team Heretics vs Gentle Mates,Pearl,Team Heretics,21,0.5,0.65,0.3333333333333333
VCT 2025: EMEA Kickoff,Main Event,Lower Round 1,Karmine Corp vs GIANTX,Bind,GIANTX,22,0.16666666666666666,0.5558069381598794,0.1111111111111111
VCT 2025: EMEA Kickoff,Main Event,Lower Round 1,Karmine Corp vs GIANTX,Bind,Karmine Corp,22,0.4,0.6215229215229214,0.3333333333333333
VCT 2025: EMEA Kickoff,Main Event,Lower Round 1,Karmine Corp vs GIANTX,Lotus,GIANTX,23,0.125,0.5747499404620148,0.08333333333333333
VCT 2025: EMEA Kickoff,Main Event,Lower Round 1,Karmine Corp vs GIANTX,Lotus,Karmine Corp,23,0.4,0.565967365967366,0.3333333333333333
VCT 2025: EMEA Kickoff,Main Event,Lower Round 1,Karmine Corp vs GIANTX,Fracture,Karmine Corp,24,0.4,0.4921212121212122,0.3333333333333333
VCT 2025: EMEA Kickoff,Main Event,Lower Round 1,Karmine Corp vs GIANTX,Fracture,GIANTX,24,0.2,0.5664666190362785,0.2
VCT 2025: EMEA Kickoff,Main Event,Lower Round 1,FNATIC vs Natus Vincere,Pearl,Natus Vincere,25,0.3333333333333333,0.35873015873015873,0.27777777777777773
VCT 2025: EMEA Kickoff,Main Event,Lower Round 1,FNATIC vs Natus Vincere,Pearl,FNATIC,25,0.6666666666666666,0.44871794871794873,0.5555555555555555
VCT 2025: EMEA Kickoff,Main Event,Lower Round 1,FNATIC vs Natus Vincere,Fracture,Natus Vincere,26,0.375,0.3844322344322344,0.2708333333333333
VCT 2025: EMEA Kickoff,Main Event,Lower Round 1,FNATIC vs Natus Vincere,Fracture,FNATIC,26,0.625,0.5096153846153846,0.47916666666666663
VCT 2025: EMEA Kickoff,Main Event,Lower Round 1,FNATIC vs Natus Vincere,Haven,Natus Vincere,27,0.4,0.4408791208791209,0.2833333333333333
VCT 2025: EMEA Kickoff,Main Event,Lower Round 1,FNATIC vs Natus Vincere,Haven,FNATIC,27,0.6,0.49102564102564106,0.4833333333333333
VCT 2025: EMEA Kickoff,Main Event,Lower Round 1,Team Liquid vs Apeks,Abyss,Team Liquid,28,0.5,0.5554195804195804,0.3333333333333333
VCT 2025: EMEA Kickoff,Main Event,Lower Round 1,Team Liquid vs Apeks,Abyss,Apeks,28,0.25,0.5505050505050505,0.16666666666666666
VCT 2025: EMEA Kickoff,Main Event,Lower Round 1,Team Liquid vs Apeks,Pearl,Apeks,29,0.3333333333333333,0.505892255892256,0.19444444444444442
VCT 2025: EMEA Kickoff,Main Event,Lower Round 1,Team Liquid vs Apeks,Pearl,Team Liquid,29,0.5,0.5905844155844155,0.3333333333333333
VCT 2025: EMEA Kickoff,Main Event,Lower Round 1,Team Liquid vs Apeks,Haven,Apeks,30,0.5,0.48358585858585856,0.3958333333333333
VCT 2025: EMEA Kickoff,Main Event,Lower Round 1,Team Liquid vs Apeks,Haven,Team Liquid,30,0.4,0.5337662337662337,0.2666666666666666
VCT 2025: EMEA Kickoff,Main Event,Lower Round 1,Gentle Mates vs KOI,Haven,KOI,31,0.5,0.3948412698412698,0.4444444444444444
VCT 2025: EMEA Kickoff,Main Event,Lower Round 1,Gentle Mates vs KOI,Haven,Gentle Mates,31,0.6,0.5055555555555555,0.5166666666666666
VCT 2025: EMEA Kickoff,Main Event,Lower Round 1,Gentle Mates vs KOI,Lotus,KOI,32,0.5,0.3586309523809524,0.41666666666666663
VCT 2025: EMEA Kickoff,Main Event,Lower Round 1,Gentle Mates vs KOI,Lotus,Gentle Mates,32,0.5,0.5601010101010101,0.45
VCT 2025: EMEA Kickoff,Main Event,Lower Round 1,Gentle Mates vs KOI,Pearl,KOI,33,0.5,0.4154761904761905,0.4666666666666666
VCT 2025: EMEA Kickoff,Main Event,Lower Round 1,Gentle Mates vs KOI,Pearl,Gentle Mates,33,0.5,0.5106060606060606,0.4333333333333333
VCT 2025: EMEA Kickoff,Main Event,Upper Semifinals,BBL Esports vs Team Heretics,Pearl,BBL Esports,34,0.6,0.5709595959595959,0.5833333333333333
VCT 2025: EMEA Kickoff,Main Event,Upper Semifinals,BBL Esports vs Team Heretics,Pearl,Team Heretics,34,0.5,0.6777777777777777,0.3333333333333333
VCT 2025: EMEA Kickoff,Main Event,Upper Semifinals,BBL Esports vs Team Heretics,Lotus,Team Heretics,35,0.5,0.675,0.3333333333333333
VCT 2025: EMEA Kickoff,Main Event,Upper Semifinals,BBL Esports vs Team Heretics,Lotus,BBL Esports,35,0.5,0.5998484848484849,0.45
VCT 2025: EMEA Kickoff,Main Event,Upper Semifinals,FUT Esports vs Team Vitality,Bind,Team Vitality,36,0.8333333333333334,0.5495031284504969,0.7777777777777777
VCT 2025: EMEA Kickoff,Main Event,Upper Semifinals,FUT Esports vs Team Vitality,Bind,FUT Esports,36,0.5,0.7412587412587412,0.29166666666666663
VCT 2025: EMEA Kickoff,Main Event,Upper Semifinals,FUT Esports vs Team Vitality,Split,FUT Esports,37,0.6666666666666666,0.5608391608391609,0.5277777777777778
VCT 2025: EMEA Kickoff,Main Event,Upper Semifinals,FUT Esports vs Team Vitality,Split,Team Vitality,37,0.625,0.6287940130045393,0.5833333333333333
VCT 2025: EMEA Kickoff,Main Event,Lower Round 2,Gentle Mates vs FNATIC,Abyss,FNATIC,38,0.5,0.5594871794871795,0.4666666666666666
VCT 2025: EMEA Kickoff,Main Event,Lower Round 2,Gentle Mates vs FNATIC,Abyss,Gentle Mates,38,0.4,0.543939393939394,0.3333333333333333
VCT 2025: EMEA Kickoff,Main Event,Lower Round 2,Gentle Mates vs FNATIC,Fracture,FNATIC,39,0.4,0.6210256410256411,0.3333333333333333
VCT 2025: EMEA Kickoff,Main Event,Lower Round 2,Gentle Mates vs FNATIC,Fracture,Gentle Mates,39,0.5,0.5383838383838384,0.4
VCT 2025: EMEA Kickoff,Main Event,Lower Round 2,GIANTX vs Team Liquid,Fracture,GIANTX,40,0.1,0.6271001031991743,0.13333333333333333
VCT 2025: EMEA Kickoff,Main Event,Lower Round 2,GIANTX vs Team Liquid,Fracture,Team Liquid,40,0.5,0.5420995670995671,0.39999999999999997
VCT 2025: EMEA Kickoff,Main Event,Lower Round 2,GIANTX vs Team Liquid,Split,GIANTX,41,0.1,0.5716379183252249,0.1333333333333333
VCT 2025: EMEA Kickoff,Main Event,Lower Round 2,GIANTX vs Team Liquid,Split,Team Liquid,41,0.6,0.5311904761904762,0.5333333333333333
VCT 2025: EMEA Kickoff,Main Event,Lower Round 3,FUT Esports vs FNATIC,Abyss,FNATIC,42,0.4,0.6594871794871795,0.3333333333333333
VCT 2025: EMEA Kickoff,Main Event,Lower Round 3,FUT Esports vs FNATIC,Abyss,FUT Esports,42,0.5,0.4761849261849262,0.3958333333333333
VCT 2025: EMEA Kickoff,Main Event,Lower Round 3,FUT Esports vs FNATIC,Fracture,FNATIC,43,0.3,0.6386726998491705,0.2833333333333333
VCT 2025: EMEA Kickoff,Main Event,Lower Round 3,FUT Esports vs FNATIC,Fracture,FUT Esports,43,0.6,0.5194094794094795,0.45
VCT 2025: EMEA Kickoff,Main Event,Lower Round 3,BBL Esports vs Team Liquid,Bind,BBL Esports,44,0.4,0.5392424242424243,0.31666666666666665
VCT 2025: EMEA Kickoff,Main Event,Lower Round 3,BBL Esports vs Team Liquid,Bind,Team Liquid,44,0.6,0.6145238095238095,0.5999999999999999
VCT 2025: EMEA Kickoff,Main Event,Lower Round 3,BBL Esports vs Team Liquid,Pearl,BBL Esports,45,0.4,0.4471212121212121,0.3833333333333333
VCT 2025: EMEA Kickoff,Main Event,Lower Round 3,BBL Esports vs Team Liquid,Pearl,Team Liquid,45,0.6,0.5841666666666667,0.6
VCT 2025: EMEA Kickoff,Main Event,Lower Round 3,BBL Esports vs Team Liquid,Split,BBL Esports,46,0.6,0.5387878787878788,0.4666666666666666
VCT 2025: EMEA Kickoff,Main Event,Lower Round 3,BBL Esports vs Team Liquid,Split,Team Liquid,46,0.6,0.5091666666666667,0.6
VCT 2025: EMEA Kickoff,Main Event,Upper Final,Team Vitality vs Team Heretics,Haven,Team Vitality,47,0.7,0.6630352104036314,0.6
VCT 2025: EMEA Kickoff,Main Event,Upper Final,Team Vitality vs Team Heretics,Haven,Team Heretics,47,0.5,0.6733333333333333,0.3333333333333333
VCT 2025: EMEA Kickoff,Main Event,Upper Final,Team Vitality vs Team Heretics,Abyss,Team Heretics,48,0.6,0.6702564102564103,0.4
VCT 2025: EMEA Kickoff,Main Event,Upper Final,Team Vitality vs Team Heretics,Abyss,Team Vitality,48,0.6,0.6500481974166185,0.4666666666666666
VCT 2025: EMEA Kickoff,Main Event,Lower Round 4,FUT Esports vs Team Liquid,Abyss,FUT Esports,49,0.7,0.5101787101787101,0.5
VCT 2025: EMEA Kickoff,Main Event,Lower Round 4,FUT Esports vs Team Liquid,Abyss,Team Liquid,49,0.4,0.5186904761904761,0.4
VCT 2025: EMEA Kickoff,Main Event,Lower Round 4,FUT Esports vs Team Liquid,Bind,FUT Esports,50,0.6,0.49199689199689195,0.4333333333333333
VCT 2025: EMEA Kickoff,Main Event,Lower Round 4,FUT Esports vs Team Liquid,Bind,Team Liquid,50,0.4,0.5553571428571429,0.4
VCT 2025: EMEA Kickoff,Main Event,Lower Round 4,FUT Esports vs Team Liquid,Haven,Team Liquid,51,0.4,0.5420238095238096,0.33333333333333337
VCT 2025: EMEA Kickoff,Main Event,Lower Round 4,FUT Esports vs Team Liquid,Haven,FUT Esports,51,0.5,0.5644968919968919,0.2833333333333333
VCT 2025: EMEA Kickoff,Main Event,Lower Final,Team Heretics vs Team Liquid,Lotus,Team Heretics,52,0.4,0.4902564102564103,0.2666666666666667
VCT 2025: EMEA Kickoff,Main Event,Lower Final,Team Heretics vs Team Liquid,Lotus,Team Liquid,52,0.4,0.5931601731601732,0.4
VCT 2025: EMEA Kickoff,Main Event,Lower Final,Team Heretics vs Team Liquid,Abyss,Team Heretics,53,0.3,0.3769230769230769,0.19999999999999998
VCT 2025: EMEA Kickoff,Main Event,Lower Final,Team Heretics vs Team Liquid,Abyss,Team Liquid,53,0.6,0.6831601731601732,0.6
VCT 2025: EMEA Kickoff,Main Event,Lower Final,Team Heretics vs Team Liquid,Fracture,Team Heretics,54,0.3,0.3102564102564102,0.2
VCT 2025: EMEA Kickoff,Main Event,Lower Final,Team Heretics vs Team Liquid,Fracture,Team Liquid,54,0.7,0.6903030303030303,0.7333333333333333
VCT 2025: EMEA Kickoff,Main Event,Grand Final,Team Vitality vs Team Liquid,Split,Team Vitality,55,0.7,0.7201336675020886,0.6
VCT 2025: EMEA Kickoff,Main Event,Grand Final,Team Vitality vs Team Liquid,Split,Team Liquid,55,0.7,0.7009090909090909,0.7333333333333333
VCT 2025: EMEA Kickoff,Main Event,Grand Final,Team Vitality vs Team Liquid,Haven,Team Vitality,56,0.5,0.733089133089133,0.4
VCT 2025: EMEA Kickoff,Main Event,Grand Final,Team Vitality vs Team Liquid,Haven,Team Liquid,56,0.8,0.6975757575757575,0.8666666666666666
VCT 2025: EMEA Kickoff,Main Event,Grand Final,Team Vitality vs Team Liquid,Lotus,Team Liquid,57,0.8,0.6672727272727272,0.8
VCT 2025: EMEA Kickoff,Main Event,Grand Final,Team Vitality vs Team Liquid,Lotus,Team Vitality,57,0.6,0.6486446886446886,0.4666666666666667
VCT 2025: EMEA Kickoff,Main Event,Grand Final,Team Vitality vs Team Liquid,Bind,Team Liquid,58,0.6,0.6022727272727273,0.6
VCT 2025: EMEA Kickoff,Main Event,Grand Final,Team Vitality vs Team Liquid,Bind,Team Vitality,58,0.6,0.6522810522810524,0.4666666666666667
VCT 2025: EMEA Kickoff,Main Event,Grand Final,Team Vitality vs Team Liquid,Fracture,Team Vitality,59,0.6,0.6713286713286714,0.4666666666666667
VCT 2025: EMEA Kickoff,Main Event,Grand Final,Team Vitality vs Team Liquid,Fracture,Team Liquid,59,0.6,0.4967171717171717,0.5333333333333333
VCT 2025: Pacific Kickoff,Main Event,Upper Round 1,BOOM Esports vs T1,Pearl,BOOM Esports,60,,,
VCT 2025: Pacific Kickoff,Main Event,Upper Round 1,BOOM Esports vs T1,Pearl,T1,60,,,
VCT 2025: Pacific Kickoff,Main Event,Upper Round 1,BOOM Esports vs T1,Bind,BOOM Esports,61,1.0,0.5,1.0
VCT 2025: Pacific Kickoff,Main Event,Upper Round 1,BOOM Esports vs T1,Bind,T1,61,0.0,0.5555555555555556,0.3333333333333333
VCT 2025: Pacific Kickoff,Main Event,Upper Round 1,BOOM Esports vs T1,Fracture,BOOM Esports,62,0.75,0.5357142857142857,0.6666666666666666
VCT 2025: Pacific Kickoff,Main Event,Upper Round 1,BOOM Esports vs T1,Fracture,T1,62,0.25,0.4444444444444444,0.3333333333333333
VCT 2025: Pacific Kickoff,Main Event,Upper Round 1,ZETA DIVISION vs Nongshim RedForce,Split,ZETA DIVISION,63,,,
VCT 2025: Pacific Kickoff,Main Event,Upper Round 1,ZETA DIVISION vs Nongshim RedForce,Split,Nongshim RedForce,63,,,
VCT 2025: Pacific Kickoff,Main Event,Upper Round 1,ZETA DIVISION vs Nongshim RedForce,Haven,ZETA DIVISION,64,0.5,0.46153846153846156,0.3333333333333333
VCT 2025: Pacific Kickoff,Main Event,Upper Round 1,ZETA DIVISION vs Nongshim RedForce,Haven,Nongshim RedForce,64,0.5,0.75,0.3333333333333333
VCT 2025: Pacific Kickoff,Main Event,Upper Round 1,Global Esports vs Team Secret,Abyss,Team Secret,65,,,
VCT 2025: Pacific Kickoff,Main Event,Upper Round 1,Global Esports vs Team Secret,Abyss,Global Esports,65,,,
VCT 2025: Pacific Kickoff,Main Event,Upper Round 1,Global Esports vs Team Secret,Split,Global Esports,66,0.0,0.2857142857142857,0.0
VCT 2025: Pacific Kickoff,Main Event,Upper Round 1,Global Esports vs Team Secret,Split,Team Secret,66,1.0,0.7777777777777778,1.0
VCT 2025: Pacific Kickoff,Main Event,Upper Round 1,Global Esports vs Team Secret,Pearl,Global Esports,67,0.5,0.5,0.5
VCT 2025: Pacific Kickoff,Main Event,Upper Round 1,Global Esports vs Team Secret,Pearl,Team Secret,67,0.5,0.6388888888888888,0.5
VCT 2025: Pacific Kickoff,Main Event,Upper Round 1,DetonatioN FocusMe vs Rex Regum Qeon,Abyss,Rex Regum Qeon,68,,,
VCT 2025: Pacific Kickoff,Main Event,Upper Round 1,DetonatioN FocusMe vs Rex Regum Qeon,Abyss,DetonatioN FocusMe,68,,,
VCT 2025: Pacific Kickoff,Main Event,Upper Round 1,DetonatioN FocusMe vs Rex Regum Qeon,Pearl,Rex Regum Qeon,69,0.5,0.5,0.3333333333333333
VCT 2025: Pacific Kickoff,Main Event,Upper Round 1,DetonatioN FocusMe vs Rex Regum Qeon,Pearl,DetonatioN FocusMe,69,0.5,0.6111111111111112,0.3333333333333333
VCT 2025: Pacific Kickoff,Main Event,Upper Round 1,DetonatioN FocusMe vs Rex Regum Qeon,Haven,Rex Regum Qeon,70,0.5,0.75,0.3333333333333333
VCT 2025: Pacific Kickoff,Main Event,Upper Round 1,DetonatioN FocusMe vs Rex Regum Qeon,Haven,DetonatioN FocusMe,70,0.5,0.3055555555555556,0.3333333333333333
VCT 2025: Pacific Kickoff,Main Event,Upper Quarterfinals,DRX vs Nongshim RedForce,Lotus,Nongshim RedForce,71,0.5,0.6964285714285714,0.3333333333333333
VCT 2025: Pacific Kickoff,Main Event,Upper Quarterfinals,DRX vs Nongshim RedForce,Lotus,DRX,71,,,
VCT 2025: Pacific Kickoff,Main Event,Upper Quarterfinals,DRX vs Nongshim RedForce,Pearl,Nongshim RedForce,72,0.5,0.5924908424908425,0.38888888888888884
VCT 2025: Pacific Kickoff,Main Event,Upper Quarterfinals,DRX vs Nongshim RedForce,Pearl,DRX,72,0.5,0.6666666666666666,0.25
VCT 2025: Pacific Kickoff,Main Event,Upper Quarterfinals,DRX vs Nongshim RedForce,Fracture,Nongshim RedForce,73,0.5,0.6261863136863137,0.375
VCT 2025: Pacific Kickoff,Main Event,Upper Quarterfinals,DRX vs Nongshim RedForce,Fracture,DRX,73,0.5,0.5,0.29166666666666663
VCT 2025: Pacific Kickoff,Main Event,Upper Quarterfinals,Paper Rex vs T1,Bind,Paper Rex,74,,,
VCT 2025: Pacific Kickoff,Main Event,Upper Quarterfinals,Paper Rex vs T1,Bind,T1,74,0.16666666666666666,0.5740740740740741,0.2222222222222222
VCT 2025: Pacific Kickoff,Main Event,Upper Quarterfinals,Paper Rex vs T1,Fracture,T1,75,0.25,0.6091269841269842,0.25
VCT 2025: Pacific Kickoff,Main Event,Upper Quarterfinals,Paper Rex vs T1,Fracture,Paper Rex,75,0.5,0.3333333333333333,0.3333333333333333
VCT 2025: Pacific Kickoff,Main Event,Upper Quarterfinals,Paper Rex vs T1,Split,T1,76,0.2,0.5873015873015873,0.25
VCT 2025: Pacific Kickoff,Main Event,Upper Quarterfinals,Paper Rex vs T1,Split,Paper Rex,76,0.75,0.48484848484848486,0.6666666666666666
VCT 2025: Pacific Kickoff,Main Event,Upper Quarterfinals,TALON vs Global Esports,Split,TALON,77,,,
VCT 2025: Pacific Kickoff,Main Event,Upper Quarterfinals,TALON vs Global Esports,Split,Global Esports,77,0.6666666666666666,0.5128205128205128,0.6666666666666666
VCT 2025: Pacific Kickoff,Main Event,Upper Quarterfinals,TALON vs Global Esports,Abyss,Global Esports,78,0.5,0.6346153846153846,0.5
VCT 2025: Pacific Kickoff,Main Event,Upper Quarterfinals,TALON vs Global Esports,Abyss,TALON,78,1.0,0.3333333333333333,1.0
VCT 2025: Pacific Kickoff,Main Event,Upper Quarterfinals,TALON vs Global Esports,Lotus,TALON,79,0.5,0.48484848484848486,0.5
VCT 2025: Pacific Kickoff,Main Event,Upper Quarterfinals,TALON vs Global Esports,Lotus,Global Esports,79,0.6,0.5910256410256409,0.5333333333333333
VCT 2025: Pacific Kickoff,Main Event,Upper Quarterfinals,Gen.G vs Rex Regum Qeon,Fracture,Rex Regum Qeon,80,0.5,0.7777777777777778,0.4444444444444444
VCT 2025: Pacific Kickoff,Main Event,Upper Quarterfinals,Gen.G vs Rex Regum Qeon,Fracture,Gen.G,80,,,
VCT 2025: Pacific Kickoff,Main Event,Upper Quarterfinals,Gen.G vs Rex Regum Qeon,Lotus,Gen.G,81,0.5,0.25,0.3333333333333333
VCT 2025: Pacific Kickoff,Main Event,Upper Quarterfinals,Gen.G vs Rex Regum Qeon,Lotus,Rex Regum Qeon,81,0.5,0.8083333333333333,0.41666666666666663
VCT 2025: Pacific Kickoff,Main Event,Upper Quarterfinals,Gen.G vs Rex Regum Qeon,Haven,Gen.G,82,0.5,0.48863636363636365,0.3333333333333333
VCT 2025: Pacific Kickoff,Main Event,Upper Quarterfinals,Gen.G vs Rex Regum Qeon,Haven,Rex Regum Qeon,82,0.5,0.7216666666666667,0.4
VCT 2025: Pacific Kickoff,Main Event,Lower Round 1,Nongshim RedForce vs BOOM Esports,Pearl,Nongshim RedForce,83,0.4,0.6152347652347652,0.3
VCT 2025: Pacific Kickoff,Main Event,Lower Round 1,Nongshim RedForce vs BOOM Esports,Pearl,BOOM Esports,83,0.8333333333333334,0.4682539682539682,0.7777777777777777
VCT 2025: Pacific Kickoff,Main Event,Lower Round 1,Nongshim RedForce vs BOOM Esports,Bind,Nongshim RedForce,84,0.5,0.6252347652347653,0.4333333333333334
VCT 2025: Pacific Kickoff,Main Event,Lower Round 1,Nongshim RedForce vs BOOM Esports,Bind,BOOM Esports,84,0.625,0.4583333333333333,0.5833333333333333
VCT 2025: Pacific Kickoff,Main Event,Lower Round 1,Nongshim RedForce vs BOOM Esports,Lotus,Nongshim RedForce,85,0.4,0.57999666999667,0.36666666666666664
VCT 2025: Pacific Kickoff,Main Event,Lower Round 1,Nongshim RedForce vs BOOM Esports,Lotus,BOOM Esports,85,0.7,0.47575757575757577,0.6666666666666666
VCT 2025: Pacific Kickoff,Main Event,Lower Round 1,Paper Rex vs ZETA DIVISION,Lotus,Paper Rex,86,0.6666666666666666,0.4621212121212121,0.5555555555555555
VCT 2025: Pacific Kickoff,Main Event,Lower Round 1,Paper Rex vs ZETA DIVISION,Lotus,ZETA DIVISION,86,0.5,0.5034965034965035,0.3333333333333333
VCT 2025: Pacific Kickoff,Main Event,Lower Round 1,Paper Rex vs ZETA DIVISION,Fracture,Paper Rex,87,0.625,0.5251623376623377,0.5833333333333333
VCT 2025: Pacific Kickoff,Main Event,Lower Round 1,Paper Rex vs ZETA DIVISION,Fracture,ZETA DIVISION,87,0.5,0.4606643356643357,0.3333333333333333
VCT 2025: Pacific Kickoff,Main Event,Lower Round 1,Rex Regum Qeon vs Team Secret,Lotus,Rex Regum Qeon,88,0.6,0.6966666666666667,0.5333333333333333
VCT 2025: Pacific Kickoff,Main Event,Lower Round 1,Rex Regum Qeon vs Team Secret,Lotus,Team Secret,88,0.3333333333333333,0.49259259259259264,0.3333333333333333
VCT 2025: Pacific Kickoff,Main Event,Lower Round 1,Rex Regum Qeon vs Team Secret,Pearl,Rex Regum Qeon,89,0.6,0.5966666666666667,0.5333333333333333
VCT 2025: Pacific Kickoff,Main Event,Lower Round 1,Rex Regum Qeon vs Team Secret,Pearl,Team Secret,89,0.375,0.5301587301587302,0.3333333333333333
VCT 2025: Pacific Kickoff,Main Event,Lower Round 1,Rex Regum Qeon vs Team Secret,Haven,Team Secret,90,0.4,0.45746031746031746,0.3333333333333333
VCT 2025: Pacific Kickoff,Main Event,Lower Round 1,Rex Regum Qeon vs Team Secret,Haven,Rex Regum Qeon,90,0.6,0.5936363636363636,0.4666666666666666
VCT 2025: Pacific Kickoff,Main Event,Lower Round 1,Global Esports vs DetonatioN FocusMe,Abyss,Global Esports,91,0.6,0.6261904761904762,0.5333333333333333
VCT 2025: Pacific Kickoff,Main Event,Lower Round 1,Global Esports vs DetonatioN FocusMe,Abyss,DetonatioN FocusMe,91,0.5,0.27037037037037037,0.3333333333333333
VCT 2025: Pacific Kickoff,Main Event,Lower Round 1,Global Esports vs DetonatioN FocusMe,Split,DetonatioN FocusMe,92,0.5,0.3902777777777778,0.3333333333333333
VCT 2025: Pacific Kickoff,Main Event,Lower Round 1,Global Esports vs DetonatioN FocusMe,Split,Global Esports,92,0.5,0.55,0.4
VCT 2025: Pacific Kickoff,Main Event,Upper Semifinals,T1 vs TALON,Fracture,T1,93,0.3,0.6136904761904762,0.25
VCT 2025: Pacific Kickoff,Main Event,Upper Semifinals,T1 vs TALON,Fracture,TALON,93,0.6666666666666666,0.5137085137085137,0.6666666666666666
VCT 2025: Pacific Kickoff,Main Event,Upper Semifinals,T1 vs TALON,Bind,TALON,94,0.625,0.4567099567099567,0.5833333333333334
VCT 2025: Pacific Kickoff,Main Event,Upper Semifinals,T1 vs TALON,Bind,T1,94,0.3,0.7106601731601732,0.25
VCT 2025: Pacific Kickoff,Main Event,Upper Semifinals,T1 vs TALON,Haven,T1,95,0.3,0.5773268398268399,0.25
VCT 2025: Pacific Kickoff,Main Event,Upper Semifinals,T1 vs TALON,Haven,TALON,95,0.7,0.5253679653679654,0.6666666666666666
VCT 2025: Pacific Kickoff,Main Event,Upper Semifinals,Gen.G vs DRX,Abyss,Gen.G,96,0.3333333333333333,0.5011961722488039,0.2222222222222222
VCT 2025: Pacific Kickoff,Main Event,Upper Semifinals,Gen.G vs DRX,Abyss,DRX,96,0.6666666666666666,0.5454545454545454,0.5277777777777778
VCT 2025: Pacific Kickoff,Main Event,Upper Semifinals,Gen.G vs DRX,Bind,DRX,97,0.5,0.6055194805194805,0.3958333333333333
VCT 2025: Pacific Kickoff,Main Event,Upper Semifinals,Gen.G vs DRX,Bind,Gen.G,97,0.5,0.4592304625199362,0.41666666666666663
VCT 2025: Pacific Kickoff,Main Event,Lower Round 2,Nongshim RedForce vs Rex Regum Qeon,Fracture,Rex Regum Qeon,98,0.7,0.5336363636363636,0.6
VCT 2025: Pacific Kickoff,Main Event,Lower Round 2,Nongshim RedForce vs Rex Regum Qeon,Fracture,Nongshim RedForce,98,0.4,0.6280735930735931,0.3666666666666667
VCT 2025: Pacific Kickoff,Main Event,Lower Round 2,Nongshim RedForce vs Rex Regum Qeon,Lotus,Rex Regum Qeon,99,0.7,0.5586363636363636,0.6
VCT 2025: Pacific Kickoff,Main Event,Lower Round 2,Nongshim RedForce vs Rex Regum Qeon,Lotus,Nongshim RedForce,99,0.4,0.5826190476190476,0.36666666666666664
VCT 2025: Pacific Kickoff,Main Event,Lower Round 2,Nongshim RedForce vs Rex Regum Qeon,Pearl,Rex Regum Qeon,100,0.6,0.5804105571847508,0.4666666666666666
VCT 2025: Pacific Kickoff,Main Event,Lower Round 2,Nongshim RedForce vs Rex Regum Qeon,Pearl,Nongshim RedForce,100,0.5,0.5683333333333334,0.4666666666666666
VCT 2025: Pacific Kickoff,Main Event,Lower Round 2,DetonatioN FocusMe vs Paper Rex,Abyss,DetonatioN FocusMe,101,0.6,0.41222222222222216,0.4666666666666666
VCT 2025: Pacific Kickoff,Main Event,Lower Round 2,DetonatioN FocusMe vs Paper Rex,Abyss,Paper Rex,101,0.6,0.5534632034632034,0.5666666666666667
VCT 2025: Pacific Kickoff,Main Event,Lower Round 2,DetonatioN FocusMe vs Paper Rex,Pearl,DetonatioN FocusMe,102,0.7,0.42333333333333334,0.6
VCT 2025: Pacific Kickoff,Main Event,Lower Round 2,DetonatioN FocusMe vs Paper Rex,Pearl,Paper Rex,102,0.5,0.5934632034632035,0.5
VCT 2025: Pacific Kickoff,Main Event,Lower Round 3,TALON vs Nongshim RedForce,Lotus,Nongshim RedForce,103,0.4,0.5654761904761905,0.3333333333333333
VCT 2025: Pacific Kickoff,Main Event,Lower Round 3,TALON vs Nongshim RedForce,Lotus,TALON,103,0.6,0.5187012987012987,0.5666666666666667
VCT 2025: Pacific Kickoff,Main Event,Lower Round 3,TALON vs Nongshim RedForce,Bind,TALON,104,0.8,0.45809523809523806,0.7666666666666666
VCT 2025: Pacific Kickoff,Main Event,Lower Round 3,TALON vs Nongshim RedForce,Bind,Nongshim RedForce,104,0.4,0.6288095238095238,0.3333333333333333
VCT 2025: Pacific Kickoff,Main Event,Lower Round 3,TALON vs Nongshim RedForce,Split,Nongshim RedForce,105,0.3,0.6371428571428572,0.2333333333333333
VCT 2025: Pacific Kickoff,Main Event,Lower Round 3,TALON vs Nongshim RedForce,Split,TALON,105,0.8,0.4438095238095238,0.7
VCT 2025: Pacific Kickoff,Main Event,Lower Round 3,Gen.G vs DetonatioN FocusMe,Abyss,Gen.G,106,0.4,0.46150201707477245,0.3333333333333333
VCT 2025: Pacific Kickoff,Main Event,Lower Round 3,Gen.G vs DetonatioN FocusMe,Abyss,DetonatioN FocusMe,106,0.8,0.5983333333333334,0.7333333333333333
VCT 2025: Pacific Kickoff,Main Event,Lower Round 3,Gen.G vs DetonatioN FocusMe,Lotus,DetonatioN FocusMe,107,0.8,0.5583333333333333,0.7333333333333334
VCT 2025: Pacific Kickoff,Main Event,Lower Round 3,Gen.G vs DetonatioN FocusMe,Lotus,Gen.G,107,0.4,0.5448353504081058,0.33333333333333337
VCT 2025: Pacific Kickoff,Main Event,Upper Final,T1 vs DRX,Lotus,T1,108,0.3,0.571969696969697,0.23333333333333334
VCT 2025: Pacific Kickoff,Main Event,Upper Final,T1 vs DRX,Lotus,DRX,108,0.6,0.5944155844155844,0.45
VCT 2025: Pacific Kickoff,Main Event,Upper Final,T1 vs DRX,Haven,T1,109,0.3,0.6053030303030302,0.18333333333333335
VCT 2025: Pacific Kickoff,Main Event,Upper Final,T1 vs DRX,Haven,DRX,109,0.7,0.541082251082251,0.6
VCT 2025: Pacific Kickoff,Main Event,Upper Final,T1 vs DRX,Fracture,T1,110,0.3,0.5553030303030303,0.18333333333333332
VCT 2025: Pacific Kickoff,Main Event,Upper Final,T1 vs DRX,Fracture,DRX,110,0.7,0.590205058099795,0.5999999999999999
VCT 2025: Pacific Kickoff,Main Event,Lower Round 4,TALON vs Gen.G,Bind,TALON,111,0.9,0.5139393939393939,0.8333333333333333
VCT 2025: Pacific Kickoff,Main Event,Lower Round 4,TALON vs Gen.G,Bind,Gen.G,111,0.3,0.5565236620964175,0.3166666666666667
VCT 2025: Pacific Kickoff,Main Event,Lower Round 4,TALON vs Gen.G,Lotus,TALON,112,0.9,0.3539393939393939,0.7666666666666666
VCT 2025: Pacific Kickoff,Main Event,Lower Round 4,TALON vs Gen.G,Lotus,Gen.G,112,0.3,0.6112605042016808,0.3166666666666667
VCT 2025: Pacific Kickoff,Main Event,Lower Final,T1 vs Gen.G,Pearl,Gen.G,113,0.3,0.7001493930905696,0.3166666666666667
VCT 2025: Pacific Kickoff,Main Event,Lower Final,T1 vs Gen.G,Pearl,T1,113,0.2,0.49935897435897436,0.15666666666666665
VCT 2025: Pacific Kickoff,Main Event,Lower Final,T1 vs Gen.G,Lotus,Gen.G,114,0.3,0.715122655122655,0.3166666666666667
VCT 2025: Pacific Kickoff,Main Event,Lower Final,T1 vs Gen.G,Lotus,T1,114,0.4,0.586025641025641,0.35666666666666663
VCT 2025: Pacific Kickoff,Main Event,Lower Final,T1 vs Gen.G,Haven,Gen.G,115,0.4,0.5817893217893217,0.45
VCT 2025: Pacific Kickoff,Main Event,Lower Final,T1 vs Gen.G,Haven,T1,115,0.3,0.5869871794871795,0.30666666666666664
VCT 2025: Pacific Kickoff,Main Event,Lower Final,T1 vs Gen.G,Split,T1,116,0.4,0.542542735042735,0.3733333333333333
VCT 2025: Pacific Kickoff,Main Event,Lower Final,T1 vs Gen.G,Split,Gen.G,116,0.5,0.5913131313131313,0.5333333333333334
VCT 2025: Pacific Kickoff,Main Event,Lower Final,T1 vs Gen.G,Bind,T1,117,0.4,0.555042735042735,0.44000000000000006
VCT 2025: Pacific Kickoff,Main Event,Lower Final,T1 vs Gen.G,Bind,Gen.G,117,0.6,0.5646464646464646,0.6666666666666667
VCT 2025: Pacific Kickoff,Main Event,Grand Final,DRX vs T1,Abyss,DRX,118,0.7,0.5706246385193754,0.6
VCT 2025: Pacific Kickoff,Main Event,Grand Final,DRX vs T1,Abyss,T1,118,0.5,0.5673504273504273,0.4666666666666666
VCT 2025: Pacific Kickoff,Main Event,Grand Final,DRX vs T1,Lotus,T1,119,0.3,0.48068376068376073,0.26666666666666666
VCT 2025: Pacific Kickoff,Main Event,Grand Final,DRX vs T1,Lotus,DRX,119,0.9,0.5734817813765183,0.8
VCT 2025: Pacific Kickoff,Main Event,Grand Final,DRX vs T1,Fracture,T1,120,0.5,0.46529914529914523,0.4666666666666666
VCT 2025: Pacific Kickoff,Main Event,Grand Final,DRX vs T1,Fracture,DRX,120,0.7,0.5523706702654071,0.6666666666666667
VCT 2025: Pacific Kickoff,Main Event,Grand Final,DRX vs T1,Bind,DRX,121,0.7,0.5814615793563161,0.6666666666666667
VCT 2025: Pacific Kickoff,Main Event,Grand Final,DRX vs T1,Bind,T1,121,0.4,0.4841025641025641,0.4
VCT 2025: Pacific Kickoff,Main Event,Grand Final,DRX vs T1,Split,T1,122,0.4,0.5017496229260935,0.4
VCT 2025: Pacific Kickoff,Main Event,Grand Final,DRX vs T1,Split,DRX,122,0.7,0.5545609945609946,0.7333333333333333
VCT 2025: Americas Kickoff,Main Event,Upper Round 1,Evil Geniuses vs LOUD,Split,LOUD,123,,,
VCT 2025: Americas Kickoff,Main Event,Upper Round 1,Evil Geniuses vs LOUD,Split,Evil Geniuses,123,,,
VCT 2025: Americas Kickoff,Main Event,Upper Round 1,Evil Geniuses vs LOUD,Pearl,Evil Geniuses,124,0.0,0.55,0.0
VCT 2025: Americas Kickoff,Main Event,Upper Round 1,Evil Geniuses vs LOUD,Pearl,LOUD,124,1.0,0.6923076923076923,1.0
VCT 2025: Americas Kickoff,Main Event,Upper Round 1,MIBR vs 100 Thieves,Lotus,MIBR,125,,,
VCT 2025: Americas Kickoff,Main Event,Upper Round 1,MIBR vs 100 Thieves,Lotus,100 Thieves,125,,,
VCT 2025: Americas Kickoff,Main Event,Upper Round 1,MIBR vs 100 Thieves,Bind,MIBR,126,0.5,0.0,0.3333333333333333
VCT 2025: Americas Kickoff,Main Event,Upper Round 1,MIBR vs 100 Thieves,Bind,100 Thieves,126,0.5,0.8333333333333334,0.3333333333333333
VCT 2025: Americas Kickoff,Main Event,Upper Round 1,2Game Esports vs FURIA,Haven,2Game Esports,127,,,
VCT 2025: Americas Kickoff,Main Event,Upper Round 1,2Game Esports vs FURIA,Haven,FURIA,127,,,
VCT 2025: Americas Kickoff,Main Event,Upper Round 1,2Game Esports vs FURIA,Lotus,2Game Esports,128,1.0,0.3,0.6666666666666666
VCT 2025: Americas Kickoff,Main Event,Upper Round 1,2Game Esports vs FURIA,Lotus,FURIA,128,0.0,0.7692307692307693,0.25
VCT 2025: Americas Kickoff,Main Event,Upper Round 1,NRG vs Cloud9,Fracture,Cloud9,129,,,
VCT 2025: Americas Kickoff,Main Event,Upper Round 1,NRG vs Cloud9,Fracture,Mega Minors,129,,,
VCT 2025: Americas Kickoff,Main Event,Upper Round 1,NRG vs Cloud9,Lotus,Cloud9,130,0.5,0.625,0.3333333333333333
VCT 2025: Americas Kickoff,Main Event,Upper Round 1,NRG vs Cloud9,Lotus,Mega Minors,130,0.5,0.5333333333333333,0.3333333333333333
VCT 2025: Americas Kickoff,Main Event,Upper Quarterfinals,KRÜ Esports vs LOUD,Haven,KRÜ Esports,131,,,
VCT 2025: Americas Kickoff,Main Event,Upper Quarterfinals,KRÜ Esports vs LOUD,Haven,LOUD,131,0.5,0.6794871794871795,0.5
VCT 2025: Americas Kickoff,Main Event,Upper Quarterfinals,KRÜ Esports vs LOUD,Split,LOUD,132,0.5,0.691086691086691,0.4444444444444444
VCT 2025: Americas Kickoff,Main Event,Upper Quarterfinals,KRÜ Esports vs LOUD,Split,KRÜ Esports,132,0.5,0.3333333333333333,0.3333333333333333
VCT 2025: Americas Kickoff,Main Event,Upper Quarterfinals,Sentinels vs 100 Thieves,Split,Sentinels,133,,,
VCT 2025: Americas Kickoff,Main Event,Upper Quarterfinals,Sentinels vs 100 Thieves,Split,100 Thieves,133,0.75,0.7628205128205128,0.6666666666666666
VCT 2025: Americas Kickoff,Main Event,Upper Quarterfinals,Sentinels vs 100 Thieves,Bind,100 Thieves,134,0.6666666666666666,0.8048433048433048,0.5555555555555555
VCT 2025: Americas Kickoff,Main Event,Upper Quarterfinals,Sentinels vs 100 Thieves,Bind,Sentinels,134,0.5,0.2857142857142857,0.3333333333333333
VCT 2025: Americas Kickoff,Main Event,Upper Quarterfinals,Sentinels vs 100 Thieves,Pearl,100 Thieves,135,0.625,0.719017094017094,0.5
VCT 2025: Americas Kickoff,Main Event,Upper Quarterfinals,Sentinels vs 100 Thieves,Pearl,Sentinels,135,0.5,0.5274725274725275,0.3333333333333333
VCT 2025: Americas Kickoff,Main Event,Upper Quarterfinals,LEVIATÁN vs FURIA,Haven,FURIA,136,0.5,0.7346153846153847,0.625
VCT 2025: Americas Kickoff,Main Event,Upper Quarterfinals,LEVIATÁN vs FURIA,Haven,LEVIATÁN,136,,,
VCT 2025: Americas Kickoff,Main Event,Upper Quarterfinals,LEVIATÁN vs FURIA,Split,FURIA,137,0.5,0.610955710955711,0.5277777777777778
VCT 2025: Americas Kickoff,Main Event,Upper Quarterfinals,LEVIATÁN vs FURIA,Split,LEVIATÁN,137,0.5,0.7142857142857143,0.3333333333333333
VCT 2025: Americas Kickoff,Main Event,Upper Quarterfinals,G2 Esports vs Cloud9,Lotus,Cloud9,138,0.5,0.6696428571428572,0.3333333333333333
VCT 2025: Americas Kickoff,Main Event,Upper Quarterfinals,G2 Esports vs Cloud9,Lotus,G2 Esports,138,,,
VCT 2025: Americas Kickoff,Main Event,Upper Quarterfinals,G2 Esports vs Cloud9,Abyss,Cloud9,139,0.3333333333333333,0.6130952380952381,0.2222222222222222
VCT 2025: Americas Kickoff,Main Event,Upper Quarterfinals,G2 Esports vs Cloud9,Abyss,G2 Esports,139,1.0,0.5833333333333334,1.0
VCT 2025: Americas Kickoff,Main Event,Lower Round 1,FURIA vs Evil Geniuses,Abyss,FURIA,140,0.375,0.5582167832167833,0.3958333333333333
VCT 2025: Americas Kickoff,Main Event,Lower Round 1,FURIA vs Evil Geniuses,Abyss,Evil Geniuses,140,0.5,0.5057692307692307,0.5
VCT 2025: Americas Kickoff,Main Event,Lower Round 1,FURIA vs Evil Geniuses,Fracture,Evil Geniuses,141,0.6666666666666666,0.5871794871794872,0.6666666666666666
VCT 2025: Americas Kickoff,Main Event,Lower Round 1,FURIA vs Evil Geniuses,Fracture,FURIA,141,0.3,0.5011188811188811,0.36666666666666664
VCT 2025: Americas Kickoff,Main Event,Lower Round 1,Cloud9 vs MIBR,Lotus,MIBR,142,0.25,0.34615384615384615,0.16666666666666666
VCT 2025: Americas Kickoff,Main Event,Lower Round 1,Cloud9 vs MIBR,Lotus,Cloud9,142,0.375,0.596185064935065,0.25
VCT 2025: Americas Kickoff,Main Event,Lower Round 1,Cloud9 vs MIBR,Abyss,MIBR,143,0.16666666666666666,0.41258741258741255,0.1111111111111111
VCT 2025: Americas Kickoff,Main Event,Lower Round 1,Cloud9 vs MIBR,Abyss,Cloud9,143,0.5,0.5936147186147187,0.4
VCT 2025: Americas Kickoff,Main Event,Lower Round 1,Cloud9 vs MIBR,Pearl,MIBR,144,0.25,0.4594405594405594,0.16666666666666666
VCT 2025: Americas Kickoff,Main Event,Lower Round 1,Cloud9 vs MIBR,Pearl,Cloud9,144,0.5,0.5543290043290043,0.4
VCT 2025: Americas Kickoff,Main Event,Lower Round 1,KRÜ Esports vs 2Game Esports,Abyss,KRÜ Esports,145,0.25,0.4444444444444444,0.16666666666666666
VCT 2025: Americas Kickoff,Main Event,Lower Round 1,KRÜ Esports vs 2Game Esports,Abyss,2Game Esports,145,0.5,0.37222222222222223,0.3333333333333333
VCT 2025: Americas Kickoff,Main Event,Lower Round 1,KRÜ Esports vs 2Game Esports,Split,2Game Esports,146,0.3333333333333333,0.3814814814814815,0.2222222222222222
VCT 2025: Americas Kickoff,Main Event,Lower Round 1,KRÜ Esports vs 2Game Esports,Split,KRÜ Esports,146,0.5,0.562962962962963,0.4444444444444444
VCT 2025: Americas Kickoff,Main Event,Lower Round 1,100 Thieves vs NRG,Lotus,Mega Minors,147,0.5,0.5166666666666666,0.3333333333333333
VCT 2025: Americas Kickoff,Main Event,Lower Round 1,100 Thieves vs NRG,Lotus,100 Thieves,147,0.6,0.6752136752136753,0.4666666666666666
VCT 2025: Americas Kickoff,Main Event,Lower Round 1,100 Thieves vs NRG,Pearl,100 Thieves,148,0.7,0.602664655605832,0.6
VCT 2025: Americas Kickoff,Main Event,Lower Round 1,100 Thieves vs NRG,Pearl,Mega Minors,148,0.3333333333333333,0.5198830409356725,0.2222222222222222
VCT 2025: Americas Kickoff,Main Event,Lower Round 1,100 Thieves vs NRG,Bind,Mega Minors,149,0.5,0.5149122807017543,0.41666666666666663
VCT 2025: Americas Kickoff,Main Event,Lower Round 1,100 Thieves vs NRG,Bind,100 Thieves,149,0.5,0.5718954248366013,0.4
VCT 2025: Americas Kickoff,Main Event,Upper Semifinals,LOUD vs Sentinels,Lotus,LOUD,150,0.625,0.6572039072039072,0.5833333333333333
VCT 2025: Americas Kickoff,Main Event,Upper Semifinals,LOUD vs Sentinels,Lotus,Sentinels,150,0.5,0.5334665334665335,0.38888888888888884
VCT 2025: Americas Kickoff,Main Event,Upper Semifinals,LOUD vs Sentinels,Pearl,LOUD,151,0.6,0.6382631257631257,0.5333333333333333
VCT 2025: Americas Kickoff,Main Event,Upper Semifinals,LOUD vs Sentinels,Pearl,Sentinels,151,0.5,0.5250999000999002,0.375
VCT 2025: Americas Kickoff,Main Event,Upper Semifinals,LOUD vs Sentinels,Split,Sentinels,152,0.5,0.54007992007992,0.36666666666666664
VCT 2025: Americas Kickoff,Main Event,Upper Semifinals,LOUD vs Sentinels,Split,LOUD,152,0.5,0.5998015873015874,0.3833333333333333
VCT 2025: Americas Kickoff,Main Event,Upper Semifinals,G2 Esports vs LEVIATÁN,Pearl,LEVIATÁN,153,0.75,0.6488095238095238,0.6666666666666666
VCT 2025: Americas Kickoff,Main Event,Upper Semifinals,G2 Esports vs LEVIATÁN,Pearl,G2 Esports,153,0.75,0.6666666666666667,0.6666666666666666
VCT 2025: Americas Kickoff,Main Event,Upper Semifinals,G2 Esports vs LEVIATÁN,Fracture,LEVIATÁN,154,0.6666666666666666,0.5992063492063492,0.5277777777777778
VCT 2025: Americas Kickoff,Main Event,Upper Semifinals,G2 Esports vs LEVIATÁN,Fracture,G2 Esports,154,0.6666666666666666,0.7171717171717171,0.5555555555555555
VCT 2025: Americas Kickoff,Main Event,Lower Round 2,Evil Geniuses vs MIBR,Abyss,Evil Geniuses,155,0.625,0.6134615384615385,0.5833333333333334
VCT 2025: Americas Kickoff,Main Event,Lower Round 2,Evil Geniuses vs MIBR,Abyss,MIBR,155,0.3,0.5008857808857808,0.2
VCT 2025: Americas Kickoff,Main Event,Lower Round 2,Evil Geniuses vs MIBR,Split,MIBR,156,0.3,0.6475524475524475,0.2
VCT 2025: Americas Kickoff,Main Event,Lower Round 2,Evil Geniuses vs MIBR,Split,Evil Geniuses,156,0.6,0.5907692307692308,0.6
VCT 2025: Americas Kickoff,Main Event,Lower Round 2,NRG vs KRÜ Esports,Abyss,Mega Minors,157,0.6,0.49192982456140355,0.5333333333333333
VCT 2025: Americas Kickoff,Main Event,Lower Round 2,NRG vs KRÜ Esports,Abyss,KRÜ Esports,157,0.625,0.6166666666666667,0.5833333333333333
VCT 2025: Americas Kickoff,Main Event,Lower Round 2,NRG vs KRÜ Esports,Haven,Mega Minors,158,0.5,0.5019298245614034,0.4666666666666666
VCT 2025: Americas Kickoff,Main Event,Lower Round 2,NRG vs KRÜ Esports,Haven,KRÜ Esports,158,0.7,0.6206060606060606,0.6666666666666666
VCT 2025: Americas Kickoff,Main Event,Lower Round 2,NRG vs KRÜ Esports,Bind,Mega Minors,159,0.5,0.5096221322537112,0.4666666666666667
VCT 2025: Americas Kickoff,Main Event,Lower Round 2,NRG vs KRÜ Esports,Bind,KRÜ Esports,159,0.7,0.6396536796536796,0.6666666666666666
VCT 2025: Americas Kickoff,Main Event,Lower Round 3,LEVIATÁN vs MIBR,Lotus,MIBR,160,0.4,0.6690909090909091,0.3333333333333333
VCT 2025: Americas Kickoff,Main Event,Lower Round 3,LEVIATÁN vs MIBR,Lotus,LEVIATÁN,160,0.625,0.5630411255411255,0.47916666666666663
VCT 2025: Americas Kickoff,Main Event,Lower Round 3,LEVIATÁN vs MIBR,Pearl,MIBR,161,0.5,0.6399999999999999,0.4
VCT 2025: Americas Kickoff,Main Event,Lower Round 3,LEVIATÁN vs MIBR,Pearl,LEVIATÁN,161,0.6,0.6004329004329005,0.45
VCT 2025: Americas Kickoff,Main Event,Lower Round 3,LEVIATÁN vs MIBR,Split,LEVIATÁN,162,0.6,0.5242424242424242,0.45
VCT 2025: Americas Kickoff,Main Event,Lower Round 3,LEVIATÁN vs MIBR,Split,MIBR,162,0.5,0.6276923076923077,0.39999999999999997
VCT 2025: Americas Kickoff,Main Event,Lower Round 3,LOUD vs KRÜ Esports,Bind,KRÜ Esports,163,0.8,0.6571139971139971,0.8
VCT 2025: Americas Kickoff,Main Event,Lower Round 3,LOUD vs KRÜ Esports,Bind,LOUD,163,0.6,0.5433913308913308,0.45
VCT 2025: Americas Kickoff,Main Event,Lower Round 3,LOUD vs KRÜ Esports,Haven,KRÜ Esports,164,0.7,0.6355755355755356,0.7333333333333333
VCT 2025: Americas Kickoff,Main Event,Lower Round 3,LOUD vs KRÜ Esports,Haven,LOUD,164,0.6,0.46720085470085476,0.4333333333333333
VCT 2025: Americas Kickoff,Main Event,Upper Final,Sentinels vs G2 Esports,Abyss,G2 Esports,165,0.625,0.6742424242424243,0.5
VCT 2025: Americas Kickoff,Main Event,Upper Final,Sentinels vs G2 Esports,Abyss,Sentinels,165,0.5,0.6257942057942059,0.36666666666666664
VCT 2025: Americas Kickoff,Main Event,Upper Final,Sentinels vs G2 Esports,Pearl,G2 Esports,166,0.6,0.6778554778554778,0.4666666666666666
VCT 2025: Americas Kickoff,Main Event,Upper Final,Sentinels vs G2 Esports,Pearl,Sentinels,166,0.5,0.5163924963924964,0.3666666666666667
VCT 2025: Americas Kickoff,Main Event,Lower Round 4,MIBR vs KRÜ Esports,Bind,KRÜ Esports,167,0.6,0.6133533133533133,0.6
VCT 2025: Americas Kickoff,Main Event,Lower Round 4,MIBR vs KRÜ Esports,Bind,MIBR,167,0.5,0.6054700854700855,0.39999999999999997
VCT 2025: Americas Kickoff,Main Event,Lower Round 4,MIBR vs KRÜ Esports,Abyss,KRÜ Esports,168,0.5,0.6146520146520146,0.4666666666666666
VCT 2025: Americas Kickoff,Main Event,Lower Round 4,MIBR vs KRÜ Esports,Abyss,MIBR,168,0.5,0.5254700854700854,0.4
VCT 2025: Americas Kickoff,Main Event,Lower Round 4,MIBR vs KRÜ Esports,Split,KRÜ Esports,169,0.5,0.608937728937729,0.4666666666666667
VCT 2025: Americas Kickoff,Main Event,Lower Round 4,MIBR vs KRÜ Esports,Split,MIBR,169,0.5,0.5121367521367521,0.3333333333333333
VCT 2025: Americas Kickoff,Main Event,Lower Final,Sentinels vs MIBR,Lotus,Sentinels,170,0.5,0.4961904761904761,0.3666666666666667
VCT 2025: Americas Kickoff,Main Event,Lower Final,Sentinels vs MIBR,Lotus,MIBR,170,0.6,0.5244444444444445,0.4666666666666666
VCT 2025: Americas Kickoff,Main Event,Lower Final,Sentinels vs MIBR,Abyss,Sentinels,171,0.5,0.5416450216450216,0.4333333333333333
VCT 2025: Americas Kickoff,Main Event,Lower Final,Sentinels vs MIBR,Abyss,MIBR,171,0.6,0.48947940947940954,0.4666666666666667
VCT 2025: Americas Kickoff,Main Event,Lower Final,Sentinels vs MIBR,Pearl,MIBR,172,0.7,0.41170163170163165,0.5333333333333333
VCT 2025: Americas Kickoff,Main Event,Lower Final,Sentinels vs MIBR,Pearl,Sentinels,172,0.4,0.5930735930735931,0.41666666666666663
VCT 2025: Americas Kickoff,Main Event,Lower Final,Sentinels vs MIBR,Split,MIBR,173,0.7,0.45836829836829834,0.5333333333333334
VCT 2025: Americas Kickoff,Main Event,Lower Final,Sentinels vs MIBR,Split,Sentinels,173,0.4,0.5502164502164503,0.4166666666666667
VCT 2025: Americas Kickoff,Main Event,Grand Final,G2 Esports vs Sentinels,Split,Sentinels,174,0.5,0.6224386724386725,0.55
VCT 2025: Americas Kickoff,Main Event,Grand Final,G2 Esports vs Sentinels,Split,G2 Esports,174,0.5,0.7248251748251748,0.3333333333333333
VCT 2025: Americas Kickoff,Main Event,Grand Final,G2 Esports vs Sentinels,Pearl,Sentinels,175,0.6,0.6935497835497835,0.65
VCT 2025: Americas Kickoff,Main Event,Grand Final,G2 Esports vs Sentinels,Pearl,G2 Esports,175,0.4,0.631968031968032,0.26666666666666666
VCT 2025: Americas Kickoff,Main Event,Grand Final,G2 Esports vs Sentinels,Abyss,Sentinels,176,0.5,0.6480952380952381,0.5166666666666666
VCT 2025: Americas Kickoff,Main Event,Grand Final,G2 Esports vs Sentinels,Abyss,G2 Esports,176,0.5,0.584998334998335,0.4
VCT 2025: Americas Kickoff,Main Event,Grand Final,G2 Esports vs Sentinels,Fracture,G2 Esports,177,0.5,0.5528305028305028,0.38333333333333336
VCT 2025: Americas Kickoff,Main Event,Grand Final,G2 Esports vs Sentinels,Fracture,Sentinels,177,0.6,0.61,0.5333333333333333
VCT 2025: Americas Kickoff,Main Event,Grand Final,G2 Esports vs Sentinels,Haven,G2 Esports,178,0.6,0.5477022977022977,0.5166666666666667
VCT 2025: Americas Kickoff,Main Event,Grand Final,G2 Esports vs Sentinels,Haven,Sentinels,178,0.5,0.63,0.4666666666666666
Valorant Masters Bangkok 2025,Swiss Stage,Round 1,EDward Gaming vs Team Liquid,Split,EDward Gaming,235,,,
Valorant Masters Bangkok 2025,Swiss Stage,Round 1,EDward Gaming vs Team Liquid,Split,Team Liquid,235,0.4,0.4603535353535354,0.3333333333333333
Valorant Masters Bangkok 2025,Swiss Stage,Round 1,EDward Gaming vs Team Liquid,Pearl,EDward Gaming,236,0.5,0.625,0.3333333333333333
Valorant Masters Bangkok 2025,Swiss Stage,Round 1,EDward Gaming vs Team Liquid,Pearl,Team Liquid,236,0.3,0.4396868686868687,0.2
Valorant Masters Bangkok 2025,Swiss Stage,Round 1,DRX vs Sentinels,Lotus,DRX,237,0.5,0.5645157456922163,0.5833333333333334
Valorant Masters Bangkok 2025,Swiss Stage,Round 1,DRX vs Sentinels,Lotus,Sentinels,237,0.3,0.621025641025641,0.26666666666666666
Valorant Masters Bangkok 2025,Swiss Stage,Round 1,DRX vs Sentinels,Haven,DRX,238,0.5,0.5600713012477718,0.5833333333333334
Valorant Masters Bangkok 2025,Swiss Stage,Round 1,DRX vs Sentinels,Haven,Sentinels,238,0.1,0.5410256410256411,0.06666666666666667
Valorant Masters Bangkok 2025,Swiss Stage,Round 1,Team Vitality vs T1,Fracture,Team Vitality,239,0.6,0.5935508935508935,0.4666666666666666
Valorant Masters Bangkok 2025,Swiss Stage,Round 1,Team Vitality vs T1,Fracture,T1,239,0.5,0.4586726998491704,0.5333333333333333
Valorant Masters Bangkok 2025,Swiss Stage,Round 1,Team Vitality vs T1,Bind,Team Vitality,240,0.7,0.6108585858585859,0.5333333333333333
Valorant Masters Bangkok 2025,Swiss Stage,Round 1,Team Vitality vs T1,Bind,T1,240,0.6,0.5253393665158371,0.5833333333333333
Valorant Masters Bangkok 2025,Swiss Stage,Round 1,G2 Esports vs Trace Esports,Lotus,Trace Esports,241,,,
Valorant Masters Bangkok 2025,Swiss Stage,Round 1,G2 Esports vs Trace Esports,Lotus,G2 Esports,241,0.7,0.4917582417582417,0.65
Valorant Masters Bangkok 2025,Swiss Stage,Round 1,G2 Esports vs Trace Esports,Abyss,G2 Esports,242,0.8,0.5631868131868132,0.7166666666666667
Valorant Masters Bangkok 2025,Swiss Stage,Round 1,G2 Esports vs Trace Esports,Abyss,Trace Esports,242,0.5,0.2222222222222222,0.3333333333333333
Valorant Masters Bangkok 2025,Swiss Stage,Round 2 (1-0),DRX vs Team Vitality,Bind,Team Vitality,243,0.7,0.6450466200466201,0.5333333333333333
Valorant Masters Bangkok 2025,Swiss Stage,Round 2 (1-0),DRX vs Team Vitality,Bind,DRX,243,0.6,0.5854681266445972,0.65
Valorant Masters Bangkok 2025,Swiss Stage,Round 2 (1-0),DRX vs Team Vitality,Abyss,Team Vitality,244,0.6,0.6044871794871794,0.4666666666666666
Valorant Masters Bangkok 2025,Swiss Stage,Round 2 (1-0),DRX vs Team Vitality,Abyss,DRX,244,0.5,0.5491044902809609,0.5166666666666667
Valorant Masters Bangkok 2025,Swiss Stage,Round 2 (1-0),DRX vs Team Vitality,Split,Team Vitality,245,0.6,0.5378205128205128,0.5
Valorant Masters Bangkok 2025,Swiss Stage,Round 2 (1-0),DRX vs Team Vitality,Split,DRX,245,0.5,0.5935489347254053,0.42333333333333334
Valorant Masters Bangkok 2025,Swiss Stage,Round 2 (1-0),EDward Gaming vs G2 Esports,Pearl,EDward Gaming,246,0.5,0.6586538461538461,0.3333333333333333
Valorant Masters Bangkok 2025,Swiss Stage,Round 2 (1-0),EDward Gaming vs G2 Esports,Pearl,G2 Esports,246,0.8,0.6242979242979242,0.7166666666666666
Valorant Masters Bangkok 2025,Swiss Stage,Round 2 (1-0),EDward Gaming vs G2 Esports,Bind,G2 Esports,247,0.7,0.664041514041514,0.6666666666666666
Valorant Masters Bangkok 2025,Swiss Stage,Round 2 (1-0),EDward Gaming vs G2 Esports,Bind,EDward Gaming,247,0.6666666666666666,0.5840301003344481,0.5555555555555555
Valorant Masters Bangkok 2025,Swiss Stage,Round 2 (1-0),EDward Gaming vs G2 Esports,Fracture,G2 Esports,248,0.5,0.6216172716172716,0.4666666666666666
Valorant Masters Bangkok 2025,Swiss Stage,Round 2 (1-0),EDward Gaming vs G2 Esports,Fracture,EDward Gaming,248,0.75,0.6255225752508361,0.6666666666666666
Valorant Masters Bangkok 2025,Swiss Stage,Round 2 (0-1),T1 vs Trace Esports,Lotus,Trace Esports,249,0.25,0.2986111111111111,0.16666666666666666
Valorant Masters Bangkok 2025,Swiss Stage,Round 2 (0-1),T1 vs Trace Esports,Lotus,T1,249,0.5,0.502262443438914,0.45
Valorant Masters Bangkok 2025,Swiss Stage,Round 2 (0-1),T1 vs Trace Esports,Haven,Trace Esports,250,0.3333333333333333,0.3101851851851852,0.19444444444444442
Valorant Masters Bangkok 2025,Swiss Stage,Round 2 (0-1),T1 vs Trace Esports,Haven,T1,250,0.6,0.5545701357466063,0.5833333333333333
Valorant Masters Bangkok 2025,Swiss Stage,Round 2 (0-1),Team Liquid vs Sentinels,Lotus,Team Liquid,251,0.3,0.39524242424242423,0.23333333333333334
Valorant Masters Bangkok 2025,Swiss Stage,Round 2 (0-1),Team Liquid vs Sentinels,Lotus,Sentinels,251,0.2,0.5333333333333334,0.13333333333333333
Valorant Masters Bangkok 2025,Swiss Stage,Round 2 (0-1),Team Liquid vs Sentinels,Abyss,Sentinels,252,0.2,0.575,0.13333333333333333
Valorant Masters Bangkok 2025,Swiss Stage,Round 2 (0-1),Team Liquid vs Sentinels,Abyss,Team Liquid,252,0.4,0.4091313131313131,0.3
Valorant Masters Bangkok 2025,Swiss Stage,Round 2 (0-1),Team Liquid vs Sentinels,Bind,Sentinels,253,0.2,0.555,0.13333333333333333
Valorant Masters Bangkok 2025,Swiss Stage,Round 2 (0-1),Team Liquid vs Sentinels,Bind,Team Liquid,253,0.5,0.46944877344877345,0.4333333333333333
Valorant Masters Bangkok 2025,Swiss Stage,Round 3,T1 vs DRX,Fracture,DRX,254,0.6,0.5692352092352092,0.44000000000000006
Valorant Masters Bangkok 2025,Swiss Stage,Round 3,T1 vs DRX,Fracture,T1,254,0.7,0.5512087912087912,0.65
Valorant Masters Bangkok 2025,Swiss Stage,Round 3,T1 vs DRX,Pearl,T1,255,0.6,0.6036974789915966,0.5166666666666667
Valorant Masters Bangkok 2025,Swiss Stage,Round 3,T1 vs DRX,Pearl,DRX,255,0.5,0.4906027306027306,0.3066666666666667
Valorant Masters Bangkok 2025,Swiss Stage,Round 3,G2 Esports vs Team Liquid,Haven,G2 Esports,256,0.3,0.5710678210678211,0.26666666666666666
Valorant Masters Bangkok 2025,Swiss Stage,Round 3,G2 Esports vs Team Liquid,Haven,Team Liquid,256,0.7,0.5535396825396826,0.6333333333333333
Valorant Masters Bangkok 2025,Swiss Stage,Round 3,G2 Esports vs Team Liquid,Lotus,G2 Esports,257,0.3,0.5824963924963924,0.26666666666666666
Valorant Masters Bangkok 2025,Swiss Stage,Round 3,G2 Esports vs Team Liquid,Lotus,Team Liquid,257,0.7,0.5146825396825397,0.6333333333333334
Valorant Masters Bangkok 2025,Playoffs,Upper Semifinals,EDward Gaming vs T1,Split,EDward Gaming,258,0.8,0.660418060200669,0.6666666666666666
Valorant Masters Bangkok 2025,Playoffs,Upper Semifinals,EDward Gaming vs T1,Split,T1,258,0.7,0.6592530345471521,0.6666666666666666
Valorant Masters Bangkok 2025,Playoffs,Upper Semifinals,EDward Gaming vs T1,Bind,EDward Gaming,259,0.9,0.6687513935340023,0.7999999999999999
Valorant Masters Bangkok 2025,Playoffs,Upper Semifinals,EDward Gaming vs T1,Bind,T1,259,0.6,0.648141923436041,0.6
Valorant Masters Bangkok 2025,Playoffs,Upper Semifinals,EDward Gaming vs T1,Pearl,EDward Gaming,260,0.8,0.6030171277997365,0.7333333333333333
Valorant Masters Bangkok 2025,Playoffs,Upper Semifinals,EDward Gaming vs T1,Pearl,T1,260,0.7,0.5992530345471522,0.6666666666666666
Valorant Masters Bangkok 2025,Playoffs,Upper Semifinals,Team Vitality vs G2 Esports,Bind,Team Vitality,261,0.5,0.5503205128205128,0.36666666666666664
Valorant Masters Bangkok 2025,Playoffs,Upper Semifinals,Team Vitality vs G2 Esports,Bind,G2 Esports,261,0.2,0.5475757575757576,0.13333333333333333
Valorant Masters Bangkok 2025,Playoffs,Upper Semifinals,Team Vitality vs G2 Esports,Lotus,Team Vitality,262,0.6,0.4990047233468286,0.5
Valorant Masters Bangkok 2025,Playoffs,Upper Semifinals,Team Vitality vs G2 Esports,Lotus,G2 Esports,262,0.2,0.5753535353535353,0.13333333333333333
Valorant Masters Bangkok 2025,Playoffs,Upper Final,EDward Gaming vs G2 Esports,Lotus,EDward Gaming,263,0.6,0.6493939393939394,0.5333333333333333
Valorant Masters Bangkok 2025,Playoffs,Upper Final,EDward Gaming vs G2 Esports,Lotus,G2 Esports,263,0.4,0.5844444444444445,0.3333333333333333
Valorant Masters Bangkok 2025,Playoffs,Upper Final,EDward Gaming vs G2 Esports,Split,G2 Esports,264,0.5,0.6701587301587302,0.4
Valorant Masters Bangkok 2025,Playoffs,Upper Final,EDward Gaming vs G2 Esports,Split,EDward Gaming,264,0.5,0.5827272727272728,0.39999999999999997
Valorant Masters Bangkok 2025,Playoffs,Lower Round 1,T1 vs Team Vitality,Lotus,Team Vitality,265,0.5,0.4836201079622132,0.4333333333333333
Valorant Masters Bangkok 2025,Playoffs,Lower Round 1,T1 vs Team Vitality,Lotus,T1,265,0.7,0.5576945929887106,0.6666666666666666
Valorant Masters Bangkok 2025,Playoffs,Lower Round 1,T1 vs Team Vitality,Haven,Team Vitality,266,0.5,0.5072098515519567,0.4333333333333333
Valorant Masters Bangkok 2025,Playoffs,Lower Round 1,T1 vs Team Vitality,Haven,T1,266,0.7,0.5282828282828282,0.7333333333333333
Valorant Masters Bangkok 2025,Playoffs,Lower Round 1,T1 vs Team Vitality,Split,Team Vitality,267,0.4,0.5072098515519567,0.3333333333333333
Valorant Masters Bangkok 2025,Playoffs,Lower Round 1,T1 vs Team Vitality,Split,T1,267,0.7,0.4927272727272728,0.7333333333333334
Valorant Masters Bangkok 2025,Playoffs,Lower Final,EDward Gaming vs T1,Bind,T1,268,0.8,0.573069153069153,0.8666666666666668
Valorant Masters Bangkok 2025,Playoffs,Lower Final,EDward Gaming vs T1,Bind,EDward Gaming,268,0.4,0.4893939393939394,0.3333333333333333
Valorant Masters Bangkok 2025,Playoffs,Lower Final,EDward Gaming vs T1,Haven,EDward Gaming,269,0.3,0.4227272727272727,0.19999999999999996
Valorant Masters Bangkok 2025,Playoffs,Lower Final,EDward Gaming vs T1,Haven,T1,269,0.7,0.6074125874125874,0.8
Valorant Masters Bangkok 2025,Playoffs,Lower Final,EDward Gaming vs T1,Fracture,T1,270,0.6,0.6813519813519813,0.7333333333333334
Valorant Masters Bangkok 2025,Playoffs,Lower Final,EDward Gaming vs T1,Fracture,EDward Gaming,270,0.4,0.4576923076923077,0.3333333333333333
Valorant Masters Bangkok 2025,Playoffs,Lower Final,EDward Gaming vs T1,Split,T1,271,0.5,0.6971414550361918,0.6
Valorant Masters Bangkok 2025,Playoffs,Lower Final,EDward Gaming vs T1,Split,EDward Gaming,271,0.6,0.42435897435897435,0.5333333333333333
Valorant Masters Bangkok 2025,Playoffs,Grand Final,G2 Esports vs T1,Lotus,T1,273,0.5,0.727141455036192,0.6
Valorant Masters Bangkok 2025,Playoffs,Grand Final,G2 Esports vs T1,Lotus,G2 Esports,273,0.5,0.684004884004884,0.4
Valorant Masters Bangkok 2025,Playoffs,Grand Final,G2 Esports vs T1,Haven,G2 Esports,274,0.5,0.6611477411477411,0.4333333333333333
Valorant Masters Bangkok 2025,Playoffs,Grand Final,G2 Esports vs T1,Haven,T1,274,0.5,0.6150535429482799,0.5166666666666666
Valorant Masters Bangkok 2025,Playoffs,Grand Final,G2 Esports vs T1,Abyss,T1,275,0.5,0.6124561403508771,0.45
Valorant Masters Bangkok 2025,Playoffs,Grand Final,G2 Esports vs T1,Abyss,G2 Esports,275,0.6,0.6167032967032966,0.4833333333333333
Valorant Masters Bangkok 2025,Playoffs,Grand Final,G2 Esports vs T1,Split,T1,276,0.5,0.5724561403508772,0.3833333333333333
Valorant Masters Bangkok 2025,Playoffs,Grand Final,G2 Esports vs T1,Split,G2 Esports,276,0.5,0.6167032967032966,0.35
Valorant Masters Bangkok 2025,Playoffs,Grand Final,G2 Esports vs T1,Pearl,T1,277,0.7,0.5566666666666666,0.5833333333333333
Valorant Masters Bangkok 2025,Playoffs,Grand Final,G2 Esports vs T1,Pearl,G2 Esports,277,0.4,0.5938461538461539,0.2833333333333333
VCT 2025: EMEA Stage 1,Group Stage,Week 1,Team Vitality vs GIANTX,Split,GIANTX,278,0.2,0.5383045849918915,0.19999999999999996
VCT 2025: EMEA Stage 1,Group Stage,Week 1,Team Vitality vs GIANTX,Split,Team Vitality,278,0.4,0.4447098515519568,0.4
VCT 2025: EMEA Stage 1,Group Stage,Week 1,Team Vitality vs GIANTX,Lotus,Team Vitality,279,0.3,0.49102564102564095,0.26666666666666666
VCT 2025: EMEA Stage 1,Group Stage,Week 1,Team Vitality vs GIANTX,Lotus,GIANTX,279,0.3,0.4735272570566688,0.2666666666666666
VCT 2025: EMEA Stage 1,Group Stage,Week 1,BBL Esports vs Karmine Corp,Icebox,Karmine Corp,280,0.6,0.5054545454545455,0.5333333333333333
VCT 2025: EMEA Stage 1,Group Stage,Week 1,BBL Esports vs Karmine Corp,Icebox,BBL Esports,280,0.7,0.45999999999999996,0.6
VCT 2025: EMEA Stage 1,Group Stage,Week 1,BBL Esports vs Karmine Corp,Pearl,BBL Esports,281,0.7,0.37833333333333335,0.6
VCT 2025: EMEA Stage 1,Group Stage,Week 1,BBL Esports vs Karmine Corp,Pearl,Karmine Corp,281,0.6,0.5418181818181818,0.5333333333333333
VCT 2025: EMEA Stage 1,Group Stage,Week 1,BBL Esports vs Karmine Corp,Fracture,BBL Esports,282,0.7,0.42833333333333334,0.6
VCT 2025: EMEA Stage 1,Group Stage,Week 1,BBL Esports vs Karmine Corp,Fracture,Karmine Corp,282,0.7,0.5561038961038961,0.6333333333333333
VCT 2025: EMEA Stage 1,Group Stage,Week 1,Team Heretics vs Apeks,Ascent,Team Heretics,283,0.2,0.27692307692307694,0.13333333333333336
VCT 2025: EMEA Stage 1,Group Stage,Week 1,Team Heretics vs Apeks,Ascent,Apeks,283,0.4,0.47777777777777775,0.31666666666666665
VCT 2025: EMEA Stage 1,Group Stage,Week 1,Team Heretics vs Apeks,Split,Apeks,284,0.5,0.5353535353535354,0.3833333333333333
VCT 2025: EMEA Stage 1,Group Stage,Week 1,Team Heretics vs Apeks,Split,Team Heretics,284,0.2,0.2571428571428571,0.13333333333333333
VCT 2025: EMEA Stage 1,Group Stage,Week 1,Team Heretics vs Apeks,Icebox,Apeks,285,0.4,0.5473193473193473,0.31666666666666665
VCT 2025: EMEA Stage 1,Group Stage,Week 1,Team Heretics vs Apeks,Icebox,Team Heretics,285,0.4,0.4025974025974026,0.3333333333333333
VCT 2025: EMEA Stage 1,Group Stage,Week 1,FUT Esports vs KOI,Pearl,FUT Esports,286,0.6,0.5950524475524477,0.35
VCT 2025: EMEA Stage 1,Group Stage,Week 1,FUT Esports vs KOI,Pearl,KOI,286,0.5,0.35714285714285715,0.4666666666666666
VCT 2025: EMEA Stage 1,Group Stage,Week 1,FUT Esports vs KOI,Lotus,KOI,287,0.5,0.3685714285714286,0.4666666666666667
VCT 2025: EMEA Stage 1,Group Stage,Week 1,FUT Esports vs KOI,Lotus,FUT Esports,287,0.5,0.6232575757575758,0.2833333333333333
VCT 2025: EMEA Stage 1,Group Stage,Week 1,FNATIC vs Natus Vincere,Split,Natus Vincere,288,0.5,0.41561596298438397,0.41666666666666663
VCT 2025: EMEA Stage 1,Group Stage,Week 1,FNATIC vs Natus Vincere,Split,FNATIC,288,0.2,0.6353393665158371,0.2333333333333333
VCT 2025: EMEA Stage 1,Group Stage,Week 1,FNATIC vs Natus Vincere,Fracture,FNATIC,289,0.4,0.6284162895927602,0.3833333333333333
VCT 2025: EMEA Stage 1,Group Stage,Week 1,FNATIC vs Natus Vincere,Fracture,Natus Vincere,289,0.5,0.4670445344129554,0.41666666666666663
VCT 2025: EMEA Stage 1,Group Stage,Week 1,Team Liquid vs Gentle Mates,Split,Team Liquid,290,0.7,0.4924603174603174,0.6
VCT 2025: EMEA Stage 1,Group Stage,Week 1,Team Liquid vs Gentle Mates,Split,Gentle Mates,290,0.5,0.4808080808080809,0.4
VCT 2025: EMEA Stage 1,Group Stage,Week 1,Team Liquid vs Gentle Mates,Haven,Gentle Mates,291,0.6,0.3616161616161616,0.4666666666666667
VCT 2025: EMEA Stage 1,Group Stage,Week 1,Team Liquid vs Gentle Mates,Haven,Team Liquid,291,0.6,0.5535714285714286,0.5833333333333333
VCT 2025: EMEA Stage 1,Group Stage,Week 1,Team Liquid vs Gentle Mates,Icebox,Gentle Mates,292,0.5,0.4152046783625731,0.4566666666666667
VCT 2025: EMEA Stage 1,Group Stage,Week 1,Team Liquid vs Gentle Mates,Icebox,Team Liquid,292,0.6,0.5411172161172162,0.5833333333333333
VCT 2025: EMEA Stage 1,Group Stage,Week 2,Team Liquid vs BBL Esports,Fracture,BBL Esports,293,0.8,0.4980769230769231,0.6666666666666667
VCT 2025: EMEA Stage 1,Group Stage,Week 2,Team Liquid vs BBL Esports,Fracture,Team Liquid,293,0.4,0.455006105006105,0.3833333333333333
VCT 2025: EMEA Stage 1,Group Stage,Week 2,Team Liquid vs BBL Esports,Haven,Team Liquid,294,0.4,0.520940170940171,0.45
VCT 2025: EMEA Stage 1,Group Stage,Week 2,Team Liquid vs BBL Esports,Haven,BBL Esports,294,0.7,0.4314102564102564,0.6
VCT 2025: EMEA Stage 1,Group Stage,Week 2,Team Liquid vs BBL Esports,Ascent,Team Liquid,295,0.3,0.5399877899877901,0.3833333333333333
VCT 2025: EMEA Stage 1,Group Stage,Week 2,Team Liquid vs BBL Esports,Ascent,BBL Esports,295,0.7,0.4980769230769231,0.6
VCT 2025: EMEA Stage 1,Group Stage,Week 2,Apeks vs Natus Vincere,Lotus,Apeks,296,0.5,0.5306526806526807,0.4
VCT 2025: EMEA Stage 1,Group Stage,Week 2,Apeks vs Natus Vincere,Lotus,Natus Vincere,296,0.5,0.5062602206874652,0.3833333333333333
VCT 2025: EMEA Stage 1,Group Stage,Week 2,Apeks vs Natus Vincere,Haven,Natus Vincere,297,0.5,0.5425239569512016,0.4
VCT 2025: EMEA Stage 1,Group Stage,Week 2,Apeks vs Natus Vincere,Haven,Apeks,297,0.4,0.575890775890776,0.3333333333333333
VCT 2025: EMEA Stage 1,Group Stage,Week 2,Apeks vs Natus Vincere,Split,Apeks,298,0.5,0.5683150183150183,0.4333333333333333
VCT 2025: EMEA Stage 1,Group Stage,Week 2,Apeks vs Natus Vincere,Split,Natus Vincere,298,0.5,0.5425239569512015,0.4
VCT 2025: EMEA Stage 1,Group Stage,Week 2,FUT Esports vs Gentle Mates,Icebox,Gentle Mates,299,0.6,0.34853801169590637,0.5566666666666666
VCT 2025: EMEA Stage 1,Group Stage,Week 2,FUT Esports vs Gentle Mates,Icebox,FUT Esports,299,0.5,0.5699242424242424,0.3833333333333333
VCT 2025: EMEA Stage 1,Group Stage,Week 2,FUT Esports vs Gentle Mates,Fracture,Gentle Mates,300,0.6,0.44527003783969726,0.54
VCT 2025: EMEA Stage 1,Group Stage,Week 2,FUT Esports vs Gentle Mates,Fracture,FUT Esports,300,0.6,0.5223717948717949,0.5166666666666666
VCT 2025: EMEA Stage 1,Group Stage,Week 2,FUT Esports vs Gentle Mates,Lotus,FUT Esports,301,0.6,0.5265384615384616,0.5666666666666667
VCT 2025: EMEA Stage 1,Group Stage,Week 2,FUT Esports vs Gentle Mates,Lotus,Gentle Mates,301,0.6,0.5162845305933205,0.5566666666666666
VCT 2025: EMEA Stage 1,Group Stage,Week 2,Team Heretics vs GIANTX,Haven,GIANTX,302,0.2,0.3668605903900022,0.13333333333333333
VCT 2025: EMEA Stage 1,Group Stage,Week 2,Team Heretics vs GIANTX,Haven,Team Heretics,302,0.4,0.5384948384948385,0.3833333333333333
VCT 2025: EMEA Stage 1,Group Stage,Week 2,Team Heretics vs GIANTX,Split,GIANTX,303,0.2,0.31391941391941397,0.13333333333333333
VCT 2025: EMEA Stage 1,Group Stage,Week 2,Team Heretics vs GIANTX,Split,Team Heretics,303,0.5,0.6318281718281717,0.5166666666666666
VCT 2025: EMEA Stage 1,Group Stage,Week 2,Team Heretics vs GIANTX,Lotus,GIANTX,304,0.3,0.34487179487179487,0.2
VCT 2025: EMEA Stage 1,Group Stage,Week 2,Team Heretics vs GIANTX,Lotus,Team Heretics,304,0.6,0.6384948384948385,0.5833333333333333
VCT 2025: EMEA Stage 1,Group Stage,Week 2,Team Vitality vs FNATIC,Split,Team Vitality,305,0.5,0.5433333333333333,0.4666666666666666
VCT 2025: EMEA Stage 1,Group Stage,Week 2,Team Vitality vs FNATIC,Split,FNATIC,305,0.4,0.5925188536953243,0.3833333333333333
VCT 2025: EMEA Stage 1,Group Stage,Week 2,Team Vitality vs FNATIC,Lotus,FNATIC,306,0.4,0.5457239819004525,0.3666666666666666
VCT 2025: EMEA Stage 1,Group Stage,Week 2,Team Vitality vs FNATIC,Lotus,Team Vitality,306,0.5,0.5077777777777778,0.4666666666666667
VCT 2025: EMEA Stage 1,Group Stage,Week 2,Team Vitality vs FNATIC,Haven,FNATIC,307,0.4,0.6126923076923078,0.3666666666666666
VCT 2025: EMEA Stage 1,Group Stage,Week 2,Team Vitality vs FNATIC,Haven,Team Vitality,307,0.7,0.46611111111111114,0.6
VCT 2025: EMEA Stage 1,Group Stage,Week 2,KOI vs Karmine Corp,Lotus,KOI,308,0.4,0.4074603174603174,0.36666666666666664
VCT 2025: EMEA Stage 1,Group Stage,Week 2,KOI vs Karmine Corp,Lotus,Karmine Corp,308,0.5,0.5651948051948052,0.4333333333333333
VCT 2025: EMEA Stage 1,Group Stage,Week 2,KOI vs Karmine Corp,Icebox,KOI,309,0.4,0.3574603174603175,0.35
VCT 2025: EMEA Stage 1,Group Stage,Week 2,KOI vs Karmine Corp,Icebox,Karmine Corp,309,0.5,0.6851948051948052,0.4333333333333333
VCT 2025: EMEA Stage 1,Group Stage,Week 3,KOI vs BBL Esports,Pearl,BBL Esports,310,0.7,0.5230769230769231,0.6
VCT 2025: EMEA Stage 1,Group Stage,Week 3,KOI vs BBL Esports,Pearl,KOI,310,0.5,0.3130994152046783,0.41666666666666663
VCT 2025: EMEA Stage 1,Group Stage,Week 3,KOI vs BBL Esports,Icebox,BBL Esports,311,0.7,0.5700466200466201,0.6333333333333334
VCT 2025: EMEA Stage 1,Group Stage,Week 3,KOI vs BBL Esports,Icebox,KOI,311,0.5,0.3321470342522974,0.3833333333333333
VCT 2025: EMEA Stage 1,Group Stage,Week 3,Natus Vincere vs GIANTX,Fracture,GIANTX,312,0.3,0.3582051282051282,0.2
VCT 2025: EMEA Stage 1,Group Stage,Week 3,Natus Vincere vs GIANTX,Fracture,Natus Vincere,312,0.4,0.5906442577030813,0.26666666666666666
VCT 2025: EMEA Stage 1,Group Stage,Week 3,Natus Vincere vs GIANTX,Pearl,GIANTX,313,0.3,0.40435897435897433,0.2
VCT 2025: EMEA Stage 1,Group Stage,Week 3,Natus Vincere vs GIANTX,Pearl,Natus Vincere,313,0.5,0.6106442577030813,0.3333333333333333
VCT 2025: EMEA Stage 1,Group Stage,Week 3,Natus Vincere vs GIANTX,Split,GIANTX,314,0.3,0.4770862470862471,0.2
VCT 2025: EMEA Stage 1,Group Stage,Week 3,Natus Vincere vs GIANTX,Split,Natus Vincere,314,0.6,0.638095238095238,0.4666666666666666
VCT 2025: EMEA Stage 1,Group Stage,Week 3,Team Liquid vs FUT Esports,Lotus,FUT Esports,315,0.7,0.6070940170940171,0.7
VCT 2025: EMEA Stage 1,Group Stage,Week 3,Team Liquid vs FUT Esports,Lotus,Team Liquid,315,0.4,0.5718059718059718,0.39999999999999997
VCT 2025: EMEA Stage 1,Group Stage,Week 3,Team Liquid vs FUT Esports,Split,FUT Esports,316,0.6,0.47376068376068375,0.6333333333333334
VCT 2025: EMEA Stage 1,Group Stage,Week 3,Team Liquid vs FUT Esports,Split,Team Liquid,316,0.4,0.6572760572760572,0.4
VCT 2025: EMEA Stage 1,Group Stage,Week 3,Team Vitality vs Team Heretics,Haven,Team Vitality,317,0.7,0.5161111111111112,0.5333333333333333
VCT 2025: EMEA Stage 1,Group Stage,Week 3,Team Vitality vs Team Heretics,Haven,Team Heretics,317,0.6,0.7146853146853147,0.6166666666666666
VCT 2025: EMEA Stage 1,Group Stage,Week 3,Team Vitality vs Team Heretics,Icebox,Team Vitality,318,0.7,0.4818253968253968,0.5333333333333333
VCT 2025: EMEA Stage 1,Group Stage,Week 3,Team Vitality vs Team Heretics,Icebox,Team Heretics,318,0.5,0.676923076923077,0.4833333333333333
VCT 2025: EMEA Stage 1,Group Stage,Week 3,Apeks vs FNATIC,Lotus,FNATIC,319,0.5,0.6576923076923077,0.3833333333333333
VCT 2025: EMEA Stage 1,Group Stage,Week 3,Apeks vs FNATIC,Lotus,Apeks,319,0.5,0.4460927960927961,0.44666666666666666
VCT 2025: EMEA Stage 1,Group Stage,Week 3,Apeks vs FNATIC,Split,FNATIC,320,0.5,0.6576923076923077,0.3833333333333333
VCT 2025: EMEA Stage 1,Group Stage,Week 3,Apeks vs FNATIC,Split,Apeks,320,0.5,0.3674603174603175,0.44666666666666666
VCT 2025: EMEA Stage 1,Group Stage,Week 3,Karmine Corp vs Gentle Mates,Haven,Karmine Corp,321,0.3,0.7463712757830405,0.2333333333333333
VCT 2025: EMEA Stage 1,Group Stage,Week 3,Karmine Corp vs Gentle Mates,Haven,Gentle Mates,321,0.4,0.5607289750377649,0.35666666666666663
VCT 2025: EMEA Stage 1,Group Stage,Week 3,Karmine Corp vs Gentle Mates,Pearl,Karmine Corp,322,0.2,0.6939648586707411,0.16666666666666663
VCT 2025: EMEA Stage 1,Group Stage,Week 3,Karmine Corp vs Gentle Mates,Pearl,Gentle Mates,322,0.6,0.5421054932563883,0.5166666666666666
VCT 2025: EMEA Stage 1,Group Stage,Week 4,Team Vitality vs Apeks,Ascent,Apeks,323,0.4,0.4107936507936508,0.38
VCT 2025: EMEA Stage 1,Group Stage,Week 4,Team Vitality vs Apeks,Ascent,Team Vitality,323,0.6,0.3884920634920635,0.4333333333333333
VCT 2025: EMEA Stage 1,Group Stage,Week 4,Team Vitality vs Apeks,Lotus,Team Vitality,324,0.6,0.44101731601731603,0.4333333333333333
VCT 2025: EMEA Stage 1,Group Stage,Week 4,Team Vitality vs Apeks,Lotus,Apeks,324,0.4,0.28222222222222226,0.31333333333333335
VCT 2025: EMEA Stage 1,Group Stage,Week 4,Team Liquid vs KOI,Split,Team Liquid,325,0.5,0.7112443112443112,0.4666666666666667
VCT 2025: EMEA Stage 1,Group Stage,Week 4,Team Liquid vs KOI,Split,KOI,325,0.4,0.36714703425229744,0.31666666666666665
VCT 2025: EMEA Stage 1,Group Stage,Week 4,Team Liquid vs KOI,Lotus,Team Liquid,326,0.6,0.6992784992784993,0.5333333333333334
VCT 2025: EMEA Stage 1,Group Stage,Week 4,Team Liquid vs KOI,Lotus,KOI,326,0.4,0.3020676691729323,0.31666666666666665
VCT 2025: EMEA Stage 1,Group Stage,Week 4,Gentle Mates vs BBL Esports,Lotus,Gentle Mates,327,0.4,0.44210549325638837,0.31666666666666665
VCT 2025: EMEA Stage 1,Group Stage,Week 4,Gentle Mates vs BBL Esports,Lotus,BBL Esports,327,0.7,0.5403030303030303,0.6333333333333334
VCT 2025: EMEA Stage 1,Group Stage,Week 4,Gentle Mates vs BBL Esports,Haven,BBL Esports,328,0.8,0.5336363636363636,0.7666666666666666
VCT 2025: EMEA Stage 1,Group Stage,Week 4,Gentle Mates vs BBL Esports,Haven,Gentle Mates,328,0.3,0.40619218056288997,0.26666666666666666
VCT 2025: EMEA Stage 1,Group Stage,Week 4,GIANTX vs FNATIC,Ascent,GIANTX,329,0.3,0.3770862470862471,0.2
VCT 2025: EMEA Stage 1,Group Stage,Week 4,GIANTX vs FNATIC,Ascent,FNATIC,329,0.5,0.6443589743589743,0.45
VCT 2025: EMEA Stage 1,Group Stage,Week 4,GIANTX vs FNATIC,Lotus,GIANTX,330,0.3,0.39375291375291377,0.2
VCT 2025: EMEA Stage 1,Group Stage,Week 4,GIANTX vs FNATIC,Lotus,FNATIC,330,0.5,0.6526923076923077,0.4666666666666666
VCT 2025: EMEA Stage 1,Group Stage,Week 4,GIANTX vs FNATIC,Haven,GIANTX,331,0.4,0.3470862470862471,0.3333333333333333
VCT 2025: EMEA Stage 1,Group Stage,Week 4,GIANTX vs FNATIC,Haven,FNATIC,331,0.5,0.6526923076923078,0.4666666666666666
VCT 2025: EMEA Stage 1,Group Stage,Week 4,Karmine Corp vs FUT Esports,Lotus,Karmine Corp,332,0.3,0.7396791443850267,0.2666666666666666
VCT 2025: EMEA Stage 1,Group Stage,Week 4,Karmine Corp vs FUT Esports,Lotus,FUT Esports,332,0.5,0.4470940170940171,0.5
VCT 2025: EMEA Stage 1,Group Stage,Week 4,Karmine Corp vs FUT Esports,Ascent,Karmine Corp,333,0.4,0.6972549019607843,0.3333333333333333
VCT 2025: EMEA Stage 1,Group Stage,Week 4,Karmine Corp vs FUT Esports,Ascent,FUT Esports,333,0.5,0.5355555555555556,0.4333333333333334
VCT 2025: EMEA Stage 1,Group Stage,Week 4,Karmine Corp vs FUT Esports,Pearl,FUT Esports,334,0.4,0.5633333333333332,0.33333333333333337
VCT 2025: EMEA Stage 1,Group Stage,Week 4,Karmine Corp vs FUT Esports,Pearl,Karmine Corp,334,0.5,0.5895625942684767,0.4666666666666666
VCT 2025: EMEA Stage 1,Group Stage,Week 4,Natus Vincere vs Team Heretics,Haven,Natus Vincere,335,0.7,0.7095238095238094,0.6
VCT 2025: EMEA Stage 1,Group Stage,Week 4,Natus Vincere vs Team Heretics,Haven,Team Heretics,335,0.6,0.6615384615384615,0.4999999999999999
VCT 2025: EMEA Stage 1,Group Stage,Week 4,Natus Vincere vs Team Heretics,Pearl,Natus Vincere,336,0.6,0.6047619047619047,0.5333333333333334
VCT 2025: EMEA Stage 1,Group Stage,Week 4,Natus Vincere vs Team Heretics,Pearl,Team Heretics,336,0.6,0.646993006993007,0.4999999999999999
VCT 2025: EMEA Stage 1,Group Stage,Week 5,BBL Esports vs FUT Esports,Ascent,BBL Esports,337,0.8,0.5803030303030303,0.7666666666666666
VCT 2025: EMEA Stage 1,Group Stage,Week 5,BBL Esports vs FUT Esports,Ascent,FUT Esports,337,0.4,0.49527777777777776,0.2333333333333334
VCT 2025: EMEA Stage 1,Group Stage,Week 5,BBL Esports vs FUT Esports,Icebox,BBL Esports,338,0.8,0.6355661881977671,0.7666666666666667
VCT 2025: EMEA Stage 1,Group Stage,Week 5,BBL Esports vs FUT Esports,Icebox,FUT Esports,338,0.5,0.564508547008547,0.2833333333333334
VCT 2025: EMEA Stage 1,Group Stage,Week 5,GIANTX vs Apeks,Lotus,GIANTX,339,0.4,0.33939393939393936,0.33333333333333337
VCT 2025: EMEA Stage 1,Group Stage,Week 5,GIANTX vs Apeks,Lotus,Apeks,339,0.4,0.29888888888888887,0.28
VCT 2025: EMEA Stage 1,Group Stage,Week 5,GIANTX vs Apeks,Ascent,Apeks,340,0.3,0.3467521367521368,0.2
VCT 2025: EMEA Stage 1,Group Stage,Week 5,GIANTX vs Apeks,Ascent,GIANTX,340,0.6,0.4121212121212121,0.5333333333333334
VCT 2025: EMEA Stage 1,Group Stage,Week 5,Gentle Mates vs KOI,Split,Gentle Mates,341,0.2,0.3351776878092667,0.2
VCT 2025: EMEA Stage 1,Group Stage,Week 5,Gentle Mates vs KOI,Split,KOI,341,0.3,0.43063909774436093,0.26666666666666666
VCT 2025: EMEA Stage 1,Group Stage,Week 5,Gentle Mates vs KOI,Icebox,Gentle Mates,342,0.2,0.3685110211426001,0.2
VCT 2025: EMEA Stage 1,Group Stage,Week 5,Gentle Mates vs KOI,Icebox,KOI,342,0.3,0.4130952380952381,0.26666666666666666
VCT 2025: EMEA Stage 1,Group Stage,Week 5,Gentle Mates vs KOI,Fracture,Gentle Mates,343,0.0,0.3408187134502924,0.0
VCT 2025: EMEA Stage 1,Group Stage,Week 5,Gentle Mates vs KOI,Fracture,KOI,343,0.4,0.46071428571428574,0.4
VCT 2025: EMEA Stage 1,Group Stage,Week 5,Team Vitality vs Natus Vincere,Haven,Natus Vincere,344,0.6,0.5542124542124542,0.5333333333333333
VCT 2025: EMEA Stage 1,Group Stage,Week 5,Team Vitality vs Natus Vincere,Haven,Team Vitality,344,0.5,0.5660173160173161,0.36666666666666664
VCT 2025: EMEA Stage 1,Group Stage,Week 5,Team Vitality vs Natus Vincere,Icebox,Natus Vincere,345,0.7,0.6097680097680097,0.6666666666666666
VCT 2025: EMEA Stage 1,Group Stage,Week 5,Team Vitality vs Natus Vincere,Icebox,Team Vitality,345,0.4,0.5803030303030303,0.3
VCT 2025: EMEA Stage 1,Group Stage,Week 5,Team Liquid vs Karmine Corp,Icebox,Team Liquid,346,0.8,0.7226551226551227,0.7333333333333334
VCT 2025: EMEA Stage 1,Group Stage,Week 5,Team Liquid vs Karmine Corp,Icebox,Karmine Corp,346,0.5,0.5583861236802413,0.5166666666666666
VCT 2025: EMEA Stage 1,Group Stage,Week 5,Team Liquid vs Karmine Corp,Lotus,Karmine Corp,347,0.7,0.5456410256410257,0.7166666666666666
VCT 2025: EMEA Stage 1,Group Stage,Week 5,Team Liquid vs Karmine Corp,Lotus,Team Liquid,347,0.7,0.655122655122655,0.6666666666666666
VCT 2025: EMEA Stage 1,Group Stage,Week 5,FNATIC vs Team Heretics,Haven,Team Heretics,349,0.6,0.6736596736596736,0.5
VCT 2025: EMEA Stage 1,Group Stage,Week 5,FNATIC vs Team Heretics,Haven,FNATIC,349,0.5,0.6743589743589744,0.4666666666666666
VCT 2025: EMEA Stage 1,Group Stage,Week 5,FNATIC vs Team Heretics,Lotus,FNATIC,350,0.5,0.6179487179487179,0.4666666666666666
VCT 2025: EMEA Stage 1,Group Stage,Week 5,FNATIC vs Team Heretics,Lotus,Team Heretics,350,0.5,0.7403263403263403,0.43999999999999995
VCT 2025: EMEA Stage 1,Playoffs,Upper Round 1,BBL Esports vs Natus Vincere,Lotus,BBL Esports,351,0.8,0.5844298245614035,0.7333333333333334
VCT 2025: EMEA Stage 1,Playoffs,Upper Round 1,BBL Esports vs Natus Vincere,Lotus,Natus Vincere,351,0.6,0.5864346764346765,0.5333333333333333
VCT 2025: EMEA Stage 1,Playoffs,Upper Round 1,BBL Esports vs Natus Vincere,Fracture,Natus Vincere,352,0.6,0.48643467643467647,0.5333333333333333
VCT 2025: EMEA Stage 1,Playoffs,Upper Round 1,BBL Esports vs Natus Vincere,Fracture,BBL Esports,352,0.6,0.6244298245614035,0.6
VCT 2025: EMEA Stage 1,Playoffs,Upper Round 1,FNATIC vs FUT Esports,Split,FNATIC,353,0.4,0.6210256410256411,0.3833333333333333
VCT 2025: EMEA Stage 1,Playoffs,Upper Round 1,FNATIC vs FUT Esports,Split,FUT Esports,353,0.5,0.5911752136752136,0.2666666666666667
VCT 2025: EMEA Stage 1,Playoffs,Upper Round 1,FNATIC vs FUT Esports,Lotus,FNATIC,354,0.4,0.6287179487179487,0.3833333333333333
VCT 2025: EMEA Stage 1,Playoffs,Upper Round 1,FNATIC vs FUT Esports,Lotus,FUT Esports,354,0.5,0.5245085470085471,0.25
VCT 2025: EMEA Stage 1,Playoffs,Lower Round 1,Natus Vincere vs Karmine Corp,Icebox,Karmine Corp,355,0.6,0.418974358974359,0.5833333333333333
VCT 2025: EMEA Stage 1,Playoffs,Lower Round 1,Natus Vincere vs Karmine Corp,Icebox,Natus Vincere,355,0.8,0.5347863247863248,0.7333333333333333
VCT 2025: EMEA Stage 1,Playoffs,Lower Round 1,Natus Vincere vs Karmine Corp,Split,Karmine Corp,356,0.6,0.4773076923076923,0.5833333333333333
VCT 2025: EMEA Stage 1,Playoffs,Lower Round 1,Natus Vincere vs Karmine Corp,Split,Natus Vincere,356,0.8,0.5424786324786325,0.7166666666666666
VCT 2025: EMEA Stage 1,Playoffs,Lower Round 1,Natus Vincere vs Karmine Corp,Ascent,Karmine Corp,357,0.5,0.4759090909090909,0.45
VCT 2025: EMEA Stage 1,Playoffs,Lower Round 1,Natus Vincere vs Karmine Corp,Ascent,Natus Vincere,357,0.7,0.5069230769230769,0.5833333333333333
VCT 2025: EMEA Stage 1,Playoffs,Lower Round 1,FUT Esports vs Team Vitality,Split,FUT Esports,358,0.7,0.42450854700854707,0.35
VCT 2025: EMEA Stage 1,Playoffs,Lower Round 1,FUT Esports vs Team Vitality,Split,Team Vitality,358,0.4,0.6022810522810523,0.29999999999999993
VCT 2025: EMEA Stage 1,Playoffs,Lower Round 1,FUT Esports vs Team Vitality,Fracture,Team Vitality,359,0.5,0.5606143856143856,0.4
VCT 2025: EMEA Stage 1,Playoffs,Lower Round 1,FUT Esports vs Team Vitality,Fracture,FUT Esports,359,0.5,0.5103418803418803,0.25
VCT 2025: EMEA Stage 1,Playoffs,Upper Semifinals,Team Heretics vs BBL Esports,Icebox,BBL Esports,360,0.4,0.6453822055137844,0.4
VCT 2025: EMEA Stage 1,Playoffs,Upper Semifinals,Team Heretics vs BBL Esports,Icebox,Team Heretics,360,0.6,0.7469197469197469,0.5733333333333333
VCT 2025: EMEA Stage 1,Playoffs,Upper Semifinals,Team Heretics vs BBL Esports,Ascent,Team Heretics,361,0.6,0.7264069264069264,0.5466666666666666
VCT 2025: EMEA Stage 1,Playoffs,Upper Semifinals,Team Heretics vs BBL Esports,Ascent,BBL Esports,361,0.3,0.5712645584549609,0.2666666666666667
VCT 2025: EMEA Stage 1,Playoffs,Upper Semifinals,Team Liquid vs FNATIC,Split,Team Liquid,362,0.6,0.6227994227994229,0.6
VCT 2025: EMEA Stage 1,Playoffs,Upper Semifinals,Team Liquid vs FNATIC,Split,FNATIC,362,0.4,0.6012454212454212,0.4333333333333333
VCT 2025: EMEA Stage 1,Playoffs,Upper Semifinals,Team Liquid vs FNATIC,Icebox,Team Liquid,363,0.6,0.5466089466089465,0.6666666666666666
VCT 2025: EMEA Stage 1,Playoffs,Upper Semifinals,Team Liquid vs FNATIC,Icebox,FNATIC,363,0.4,0.5920787545787546,0.4333333333333333
VCT 2025: EMEA Stage 1,Playoffs,Upper Semifinals,Team Liquid vs FNATIC,Fracture,FNATIC,364,0.3,0.6320787545787546,0.29999999999999993
VCT 2025: EMEA Stage 1,Playoffs,Upper Semifinals,Team Liquid vs FNATIC,Fracture,Team Liquid,364,0.5,0.5479978354978355,0.5333333333333333
VCT 2025: EMEA Stage 1,Playoffs,Lower Round 2,BBL Esports vs FUT Esports,Ascent,BBL Esports,365,0.3,0.5326680672268908,0.2666666666666667
VCT 2025: EMEA Stage 1,Playoffs,Lower Round 2,BBL Esports vs FUT Esports,Ascent,FUT Esports,365,0.6,0.5411111111111111,0.4
VCT 2025: EMEA Stage 1,Playoffs,Lower Round 2,BBL Esports vs FUT Esports,Split,BBL Esports,366,0.3,0.5668347338935573,0.2666666666666667
VCT 2025: EMEA Stage 1,Playoffs,Lower Round 2,BBL Esports vs FUT Esports,Split,FUT Esports,366,0.6,0.5277777777777779,0.4
VCT 2025: EMEA Stage 1,Playoffs,Lower Round 2,Team Liquid vs Natus Vincere,Icebox,Natus Vincere,368,0.8,0.4769230769230769,0.7166666666666666
VCT 2025: EMEA Stage 1,Playoffs,Lower Round 2,Team Liquid vs Natus Vincere,Icebox,Team Liquid,368,0.3,0.5500180375180375,0.3333333333333333
VCT 2025: EMEA Stage 1,Playoffs,Lower Round 2,Team Liquid vs Natus Vincere,Split,Team Liquid,369,0.4,0.5126554001554002,0.4333333333333333
VCT 2025: EMEA Stage 1,Playoffs,Lower Round 2,Team Liquid vs Natus Vincere,Split,Natus Vincere,369,0.7,0.48358974358974366,0.6166666666666666
VCT 2025: EMEA Stage 1,Playoffs,Lower Round 2,Team Liquid vs Natus Vincere,Ascent,Natus Vincere,370,0.5,0.5066666666666666,0.41666666666666663
VCT 2025: EMEA Stage 1,Playoffs,Lower Round 2,Team Liquid vs Natus Vincere,Ascent,Team Liquid,370,0.5,0.5272008547008546,0.5
VCT 2025: EMEA Stage 1,Playoffs,Upper Final,Team Heretics vs FNATIC,Fracture,Team Heretics,371,0.5,0.700952380952381,0.4133333333333333
VCT 2025: EMEA Stage 1,Playoffs,Upper Final,Team Heretics vs FNATIC,Fracture,FNATIC,371,0.5,0.6013095238095237,0.45
VCT 2025: EMEA Stage 1,Playoffs,Upper Final,Team Heretics vs FNATIC,Icebox,FNATIC,372,0.6,0.6136172161172161,0.5833333333333333
VCT 2025: EMEA Stage 1,Playoffs,Upper Final,Team Heretics vs FNATIC,Icebox,Team Heretics,372,0.4,0.6476190476190476,0.3966666666666666
VCT 2025: EMEA Stage 1,Playoffs,Lower Round 3,Team Liquid vs BBL Esports,Haven,BBL Esports,373,0.5,0.6112791783380018,0.4
VCT 2025: EMEA Stage 1,Playoffs,Lower Round 3,Team Liquid vs BBL Esports,Haven,Team Liquid,373,0.6,0.5938675213675214,0.5666666666666667
VCT 2025: EMEA Stage 1,Playoffs,Lower Round 3,Team Liquid vs BBL Esports,Split,BBL Esports,374,0.5,0.6169934640522876,0.4
VCT 2025: EMEA Stage 1,Playoffs,Lower Round 3,Team Liquid vs BBL Esports,Split,Team Liquid,374,0.7,0.6044444444444446,0.7
VCT 2025: EMEA Stage 1,Playoffs,Lower Round 3,Team Liquid vs BBL Esports,Fracture,BBL Esports,375,0.6,0.6611111111111111,0.4666666666666667
VCT 2025: EMEA Stage 1,Playoffs,Lower Round 3,Team Liquid vs BBL Esports,Fracture,Team Liquid,375,0.7,0.6044444444444445,0.7
VCT 2025: EMEA Stage 1,Playoffs,Lower Final,Team Heretics vs Team Liquid,Haven,Team Heretics,376,0.5,0.5076190476190476,0.48999999999999994
VCT 2025: EMEA Stage 1,Playoffs,Lower Final,Team Heretics vs Team Liquid,Haven,Team Liquid,376,0.7,0.6608547008547008,0.6666666666666666
VCT 2025: EMEA Stage 1,Playoffs,Lower Final,Team Heretics vs Team Liquid,Ascent,Team Heretics,377,0.5,0.5533333333333333,0.48999999999999994
VCT 2025: EMEA Stage 1,Playoffs,Lower Final,Team Heretics vs Team Liquid,Ascent,Team Liquid,377,0.5,0.6341880341880343,0.4666666666666666
VCT 2025: EMEA Stage 1,Playoffs,Lower Final,Team Heretics vs Team Liquid,Icebox,Team Heretics,378,0.5,0.545,0.5166666666666665
VCT 2025: EMEA Stage 1,Playoffs,Lower Final,Team Heretics vs Team Liquid,Icebox,Team Liquid,378,0.4,0.5841880341880341,0.31666666666666665
VCT 2025: EMEA Stage 1,Playoffs,Grand Final,FNATIC vs Team Heretics,Split,Team Heretics,379,0.6,0.585,0.65
VCT 2025: EMEA Stage 1,Playoffs,Grand Final,FNATIC vs Team Heretics,Split,FNATIC,379,0.7,0.5898076923076923,0.6
VCT 2025: EMEA Stage 1,Playoffs,Grand Final,FNATIC vs Team Heretics,Icebox,Team Heretics,380,0.6,0.5800000000000001,0.6
VCT 2025: EMEA Stage 1,Playoffs,Grand Final,FNATIC vs Team Heretics,Icebox,FNATIC,380,0.8,0.5977622377622377,0.7333333333333334
VCT 2025: EMEA Stage 1,Playoffs,Grand Final,FNATIC vs Team Heretics,Fracture,FNATIC,381,0.8,0.6160955710955711,0.7333333333333333
VCT 2025: EMEA Stage 1,Playoffs,Grand Final,FNATIC vs Team Heretics,Fracture,Team Heretics,381,0.6,0.6057142857142856,0.5333333333333332
VCT 2025: Pacific Stage 1,Group Stage,Week 1,DetonatioN FocusMe vs Global Esports,Lotus,DetonatioN FocusMe,382,0.9,0.45833333333333337,0.8
VCT 2025: Pacific Stage 1,Group Stage,Week 1,DetonatioN FocusMe vs Global Esports,Lotus,Global Esports,382,0.3,0.5423076923076924,0.2
VCT 2025: Pacific Stage 1,Group Stage,Week 1,DetonatioN FocusMe vs Global Esports,Pearl,Global Esports,383,0.4,0.49615384615384617,0.26666666666666666
VCT 2025: Pacific Stage 1,Group Stage,Week 1,DetonatioN FocusMe vs Global Esports,Pearl,DetonatioN FocusMe,383,0.8,0.41833333333333333,0.7
VCT 2025: Pacific Stage 1,Group Stage,Week 1,T1 vs ZETA DIVISION,Fracture,T1,384,0.6,0.5119298245614035,0.45
VCT 2025: Pacific Stage 1,Group Stage,Week 1,T1 vs ZETA DIVISION,Fracture,ZETA DIVISION,384,0.5,0.4566093628593628,0.3333333333333333
VCT 2025: Pacific Stage 1,Group Stage,Week 1,T1 vs ZETA DIVISION,Split,ZETA DIVISION,385,0.4,0.4252874902874903,0.26666666666666666
VCT 2025: Pacific Stage 1,Group Stage,Week 1,T1 vs ZETA DIVISION,Split,T1,385,0.7,0.5778638904954694,0.6
VCT 2025: Pacific Stage 1,Group Stage,Week 1,T1 vs ZETA DIVISION,Haven,T1,386,0.6,0.5507962213225371,0.5333333333333332
VCT 2025: Pacific Stage 1,Group Stage,Week 1,T1 vs ZETA DIVISION,Haven,ZETA DIVISION,386,0.5,0.43297979797979796,0.4
VCT 2025: Pacific Stage 1,Group Stage,Week 1,DRX vs Paper Rex,Haven,DRX,387,0.4,0.442983682983683,0.24000000000000005
VCT 2025: Pacific Stage 1,Group Stage,Week 1,DRX vs Paper Rex,Haven,Paper Rex,387,0.3,0.46619047619047616,0.3
VCT 2025: Pacific Stage 1,Group Stage,Week 1,DRX vs Paper Rex,Icebox,DRX,388,0.4,0.5131135531135531,0.24000000000000005
VCT 2025: Pacific Stage 1,Group Stage,Week 1,DRX vs Paper Rex,Icebox,Paper Rex,388,0.3,0.4737662337662337,0.3
VCT 2025: Pacific Stage 1,Group Stage,Week 1,DRX vs Paper Rex,Lotus,Paper Rex,389,0.3,0.453986013986014,0.2333333333333333
VCT 2025: Pacific Stage 1,Group Stage,Week 1,DRX vs Paper Rex,Lotus,DRX,389,0.4,0.47978021978021984,0.2666666666666667
VCT 2025: Pacific Stage 1,Group Stage,Week 1,TALON vs Team Secret,Pearl,TALON,390,0.8,0.29393939393939394,0.6666666666666666
VCT 2025: Pacific Stage 1,Group Stage,Week 1,TALON vs Team Secret,Pearl,Team Secret,390,0.2,0.3819047619047619,0.13333333333333333
VCT 2025: Pacific Stage 1,Group Stage,Week 1,TALON vs Team Secret,Fracture,Team Secret,391,0.4,0.4152380952380952,0.3333333333333333
VCT 2025: Pacific Stage 1,Group Stage,Week 1,TALON vs Team Secret,Fracture,TALON,391,0.6,0.3415584415584415,0.4666666666666666
VCT 2025: Pacific Stage 1,Group Stage,Week 1,TALON vs Team Secret,Haven,TALON,392,0.6,0.41933621933621923,0.5333333333333333
VCT 2025: Pacific Stage 1,Group Stage,Week 1,TALON vs Team Secret,Haven,Team Secret,392,0.4,0.44190476190476186,0.3333333333333333
VCT 2025: Pacific Stage 1,Group Stage,Week 1,Gen.G vs BOOM Esports,Ascent,BOOM Esports,393,0.6,0.49004329004329,0.5333333333333333
VCT 2025: Pacific Stage 1,Group Stage,Week 1,Gen.G vs BOOM Esports,Ascent,Gen.G,393,0.5,0.509090909090909,0.5333333333333334
VCT 2025: Pacific Stage 1,Group Stage,Week 1,Gen.G vs BOOM Esports,Haven,Gen.G,394,0.5,0.4833333333333333,0.5333333333333334
VCT 2025: Pacific Stage 1,Group Stage,Week 1,Gen.G vs BOOM Esports,Haven,BOOM Esports,394,0.7,0.4924242424242424,0.6666666666666666
VCT 2025: Pacific Stage 1,Group Stage,Week 1,Nongshim RedForce vs Rex Regum Qeon,Ascent,Rex Regum Qeon,395,0.6,0.5470772238514174,0.5333333333333333
VCT 2025: Pacific Stage 1,Group Stage,Week 1,Nongshim RedForce vs Rex Regum Qeon,Ascent,Nongshim RedForce,395,0.2,0.5942857142857143,0.16666666666666666
VCT 2025: Pacific Stage 1,Group Stage,Week 1,Nongshim RedForce vs Rex Regum Qeon,Split,Nongshim RedForce,396,0.1,0.5542857142857143,0.11666666666666665
VCT 2025: Pacific Stage 1,Group Stage,Week 1,Nongshim RedForce vs Rex Regum Qeon,Split,Rex Regum Qeon,396,0.7,0.5288954056695993,0.5999999999999999
VCT 2025: Pacific Stage 1,Group Stage,Week 1,Nongshim RedForce vs Rex Regum Qeon,Pearl,Rex Regum Qeon,397,0.6,0.4634408602150538,0.4666666666666666
VCT 2025: Pacific Stage 1,Group Stage,Week 1,Nongshim RedForce vs Rex Regum Qeon,Pearl,Nongshim RedForce,397,0.1,0.5425974025974025,0.15
VCT 2025: Pacific Stage 1,Group Stage,Week 2,Team Secret vs ZETA DIVISION,Lotus,Team Secret,398,0.4,0.42102564102564094,0.3166666666666667
VCT 2025: Pacific Stage 1,Group Stage,Week 2,Team Secret vs ZETA DIVISION,Lotus,ZETA DIVISION,398,0.5,0.34888888888888886,0.39999999999999997
VCT 2025: Pacific Stage 1,Group Stage,Week 2,Team Secret vs ZETA DIVISION,Icebox,ZETA DIVISION,399,0.5,0.3905555555555556,0.4
VCT 2025: Pacific Stage 1,Group Stage,Week 2,Team Secret vs ZETA DIVISION,Icebox,Team Secret,399,0.4,0.5001923076923076,0.31666666666666665
VCT 2025: Pacific Stage 1,Group Stage,Week 2,T1 vs Nongshim RedForce,Icebox,Nongshim RedForce,400,0.2,0.495930735930736,0.27
VCT 2025: Pacific Stage 1,Group Stage,Week 2,T1 vs Nongshim RedForce,Icebox,T1,400,0.6,0.5979757085020243,0.5333333333333333
VCT 2025: Pacific Stage 1,Group Stage,Week 2,T1 vs Nongshim RedForce,Split,T1,401,0.4,0.6551185656448814,0.3333333333333333
VCT 2025: Pacific Stage 1,Group Stage,Week 2,T1 vs Nongshim RedForce,Split,Nongshim RedForce,401,0.4,0.44259740259740266,0.47000000000000003
VCT 2025: Pacific Stage 1,Group Stage,Week 2,Gen.G vs Paper Rex,Lotus,Gen.G,402,0.4,0.5833333333333334,0.4
VCT 2025: Pacific Stage 1,Group Stage,Week 2,Gen.G vs Paper Rex,Lotus,Paper Rex,402,0.4,0.39565268065268067,0.3333333333333333
VCT 2025: Pacific Stage 1,Group Stage,Week 2,Gen.G vs Paper Rex,Fracture,Paper Rex,403,0.4,0.368986013986014,0.3333333333333333
VCT 2025: Pacific Stage 1,Group Stage,Week 2,Gen.G vs Paper Rex,Fracture,Gen.G,403,0.5,0.5243589743589744,0.4666666666666667
VCT 2025: Pacific Stage 1,Group Stage,Week 2,Gen.G vs Paper Rex,Haven,Gen.G,404,0.5,0.451025641025641,0.4
VCT 2025: Pacific Stage 1,Group Stage,Week 2,Gen.G vs Paper Rex,Haven,Paper Rex,404,0.5,0.518986013986014,0.4333333333333333
VCT 2025: Pacific Stage 1,Group Stage,Week 2,DRX vs DetonatioN FocusMe,Lotus,DetonatioN FocusMe,405,0.7,0.3707142857142857,0.5666666666666667
VCT 2025: Pacific Stage 1,Group Stage,Week 2,DRX vs DetonatioN FocusMe,Lotus,DRX,405,0.3,0.5556776556776557,0.2
VCT 2025: Pacific Stage 1,Group Stage,Week 2,DRX vs DetonatioN FocusMe,Ascent,DetonatioN FocusMe,406,0.5,0.2357142857142857,0.36666666666666664
VCT 2025: Pacific Stage 1,Group Stage,Week 2,DRX vs DetonatioN FocusMe,Ascent,DRX,406,0.4,0.6187545787545787,0.33333333333333337
VCT 2025: Pacific Stage 1,Group Stage,Week 2,TALON vs Rex Regum Qeon,Lotus,Rex Regum Qeon,407,0.6,0.45574855252274604,0.4666666666666666
VCT 2025: Pacific Stage 1,Group Stage,Week 2,TALON vs Rex Regum Qeon,Lotus,TALON,407,0.5,0.43751803751803753,0.4333333333333333
VCT 2025: Pacific Stage 1,Group Stage,Week 2,TALON vs Rex Regum Qeon,Ascent,Rex Regum Qeon,408,0.6,0.5128205128205128,0.4666666666666666
VCT 2025: Pacific Stage 1,Group Stage,Week 2,TALON vs Rex Regum Qeon,Ascent,TALON,408,0.4,0.5284271284271285,0.36666666666666664
VCT 2025: Pacific Stage 1,Group Stage,Week 2,BOOM Esports vs Global Esports,Lotus,Global Esports,409,0.3,0.5187028657616893,0.2
VCT 2025: Pacific Stage 1,Group Stage,Week 2,BOOM Esports vs Global Esports,Lotus,BOOM Esports,409,0.6,0.5305194805194805,0.5333333333333333
VCT 2025: Pacific Stage 1,Group Stage,Week 2,BOOM Esports vs Global Esports,Haven,Global Esports,410,0.3,0.45972850678733035,0.2
VCT 2025: Pacific Stage 1,Group Stage,Week 2,BOOM Esports vs Global Esports,Haven,BOOM Esports,410,0.8,0.6448051948051947,0.7333333333333334
VCT 2025: Pacific Stage 1,Group Stage,Week 3,Gen.G vs DetonatioN FocusMe,Lotus,DetonatioN FocusMe,411,0.4,0.3468253968253968,0.3
VCT 2025: Pacific Stage 1,Group Stage,Week 3,Gen.G vs DetonatioN FocusMe,Lotus,Gen.G,411,0.5,0.5343589743589744,0.4
VCT 2025: Pacific Stage 1,Group Stage,Week 3,Gen.G vs DetonatioN FocusMe,Fracture,DetonatioN FocusMe,412,0.2,0.2968253968253968,0.16666666666666666
VCT 2025: Pacific Stage 1,Group Stage,Week 3,Gen.G vs DetonatioN FocusMe,Fracture,Gen.G,412,0.7,0.6146620046620047,0.6
VCT 2025: Pacific Stage 1,Group Stage,Week 3,Rex Regum Qeon vs ZETA DIVISION,Split,ZETA DIVISION,413,0.4,0.42666666666666664,0.3833333333333333
VCT 2025: Pacific Stage 1,Group Stage,Week 3,Rex Regum Qeon vs ZETA DIVISION,Split,Rex Regum Qeon,413,0.7,0.5661538461538461,0.5333333333333333
VCT 2025: Pacific Stage 1,Group Stage,Week 3,Rex Regum Qeon vs ZETA DIVISION,Haven,ZETA DIVISION,414,0.4,0.47777777777777786,0.3833333333333333
VCT 2025: Pacific Stage 1,Group Stage,Week 3,Rex Regum Qeon vs ZETA DIVISION,Haven,Rex Regum Qeon,414,0.7,0.5843356643356643,0.6
VCT 2025: Pacific Stage 1,Group Stage,Week 3,Paper Rex vs BOOM Esports,Ascent,Paper Rex,415,0.5,0.4852197802197802,0.4333333333333333
VCT 2025: Pacific Stage 1,Group Stage,Week 3,Paper Rex vs BOOM Esports,Ascent,BOOM Esports,415,0.7,0.6482142857142857,0.6
VCT 2025: Pacific Stage 1,Group Stage,Week 3,Paper Rex vs BOOM Esports,Fracture,BOOM Esports,416,0.6,0.6248376623376624,0.5333333333333333
VCT 2025: Pacific Stage 1,Group Stage,Week 3,Paper Rex vs BOOM Esports,Fracture,Paper Rex,416,0.6,0.5006043956043956,0.5666666666666667
VCT 2025: Pacific Stage 1,Group Stage,Week 3,Paper Rex vs BOOM Esports,Pearl,BOOM Esports,417,0.6,0.6158633033633034,0.5333333333333333
VCT 2025: Pacific Stage 1,Group Stage,Week 3,Paper Rex vs BOOM Esports,Pearl,Paper Rex,417,0.4,0.5346953046953047,0.3666666666666666
VCT 2025: Pacific Stage 1,Group Stage,Week 3,TALON vs Nongshim RedForce,Haven,TALON,418,0.4,0.595093795093795,0.36666666666666664
VCT 2025: Pacific Stage 1,Group Stage,Week 3,TALON vs Nongshim RedForce,Haven,Nongshim RedForce,418,0.5,0.49974025974025976,0.5366666666666666
VCT 2025: Pacific Stage 1,Group Stage,Week 3,TALON vs Nongshim RedForce,Lotus,TALON,419,0.4,0.5808080808080808,0.36666666666666664
VCT 2025: Pacific Stage 1,Group Stage,Week 3,TALON vs Nongshim RedForce,Lotus,Nongshim RedForce,419,0.7,0.5670129870129871,0.6866666666666668
VCT 2025: Pacific Stage 1,Group Stage,Week 3,TALON vs Nongshim RedForce,Fracture,TALON,420,0.3,0.5601731601731601,0.26666666666666666
VCT 2025: Pacific Stage 1,Group Stage,Week 3,TALON vs Nongshim RedForce,Fracture,Nongshim RedForce,420,0.7,0.49428571428571433,0.72
VCT 2025: Pacific Stage 1,Group Stage,Week 3,DRX vs Global Esports,Ascent,Global Esports,421,0.3,0.5203345673933909,0.2
VCT 2025: Pacific Stage 1,Group Stage,Week 3,DRX vs Global Esports,Ascent,DRX,421,0.6,0.6751648351648352,0.5333333333333334
VCT 2025: Pacific Stage 1,Group Stage,Week 3,DRX vs Global Esports,Split,Global Esports,422,0.3,0.5060488531076766,0.2
VCT 2025: Pacific Stage 1,Group Stage,Week 3,DRX vs Global Esports,Split,DRX,422,0.7,0.6656410256410257,0.6666666666666667
VCT 2025: Pacific Stage 1,Group Stage,Week 3,T1 vs Team Secret,Haven,T1,423,0.4,0.667502466573674,0.3333333333333333
VCT 2025: Pacific Stage 1,Group Stage,Week 3,T1 vs Team Secret,Haven,Team Secret,423,0.6,0.4929195804195804,0.45
VCT 2025: Pacific Stage 1,Group Stage,Week 3,T1 vs Team Secret,Icebox,Team Secret,424,0.5,0.40958624708624713,0.31666666666666665
VCT 2025: Pacific Stage 1,Group Stage,Week 3,T1 vs Team Secret,Icebox,T1,424,0.3,0.701568400639608,0.2
VCT 2025: Pacific Stage 1,Group Stage,Week 3,T1 vs Team Secret,Lotus,T1,425,0.4,0.6766880178644884,0.26666666666666666
VCT 2025: Pacific Stage 1,Group Stage,Week 3,T1 vs Team Secret,Lotus,Team Secret,425,0.6,0.471491008991009,0.3833333333333333
VCT 2025: Pacific Stage 1,Group Stage,Week 4,Nongshim RedForce vs Team Secret,Pearl,Team Secret,426,0.6,0.4037987012987013,0.4333333333333333
VCT 2025: Pacific Stage 1,Group Stage,Week 4,Nongshim RedForce vs Team Secret,Pearl,Nongshim RedForce,426,0.7,0.4488311688311688,0.6666666666666666
VCT 2025: Pacific Stage 1,Group Stage,Week 4,Nongshim RedForce vs Team Secret,Split,Team Secret,427,0.6,0.377012987012987,0.4333333333333333
VCT 2025: Pacific Stage 1,Group Stage,Week 4,Nongshim RedForce vs Team Secret,Split,Nongshim RedForce,427,0.6,0.4765234765234766,0.5333333333333333
VCT 2025: Pacific Stage 1,Group Stage,Week 4,DRX vs BOOM Esports,Icebox,BOOM Esports,428,0.6,0.644434731934732,0.5333333333333333
VCT 2025: Pacific Stage 1,Group Stage,Week 4,DRX vs BOOM Esports,Icebox,DRX,428,0.6,0.7156410256410256,0.6
VCT 2025: Pacific Stage 1,Group Stage,Week 4,DRX vs BOOM Esports,Haven,BOOM Esports,429,0.6,0.5277680652680652,0.5333333333333333
VCT 2025: Pacific Stage 1,Group Stage,Week 4,DRX vs BOOM Esports,Haven,DRX,429,0.6,0.6541025641025641,0.6
VCT 2025: Pacific Stage 1,Group Stage,Week 4,DRX vs BOOM Esports,Ascent,BOOM Esports,430,0.6,0.5152680652680652,0.5166666666666666
VCT 2025: Pacific Stage 1,Group Stage,Week 4,DRX vs BOOM Esports,Ascent,DRX,430,0.5,0.5998168498168498,0.5333333333333334
VCT 2025: Pacific Stage 1,Group Stage,Week 4,T1 vs Rex Regum Qeon,Pearl,T1,431,0.4,0.6514132925897632,0.26666666666666666
VCT 2025: Pacific Stage 1,Group Stage,Week 4,T1 vs Rex Regum Qeon,Pearl,Rex Regum Qeon,431,0.7,0.6869330669330669,0.6
VCT 2025: Pacific Stage 1,Group Stage,Week 4,T1 vs Rex Regum Qeon,Icebox,T1,432,0.4,0.6215431627196334,0.26666666666666666
VCT 2025: Pacific Stage 1,Group Stage,Week 4,T1 vs Rex Regum Qeon,Icebox,Rex Regum Qeon,432,0.8,0.677958707958708,0.7333333333333334
VCT 2025: Pacific Stage 1,Group Stage,Week 4,T1 vs Rex Regum Qeon,Lotus,T1,433,0.5,0.5896103896103896,0.4
VCT 2025: Pacific Stage 1,Group Stage,Week 4,T1 vs Rex Regum Qeon,Lotus,Rex Regum Qeon,433,0.7,0.666969696969697,0.6666666666666666
VCT 2025: Pacific Stage 1,Group Stage,Week 4,Gen.G vs Global Esports,Haven,Gen.G,434,0.7,0.6746620046620048,0.6
VCT 2025: Pacific Stage 1,Group Stage,Week 4,Gen.G vs Global Esports,Haven,Global Esports,434,0.4,0.41220269926152275,0.3333333333333333
VCT 2025: Pacific Stage 1,Group Stage,Week 4,Gen.G vs Global Esports,Pearl,Global Esports,435,0.3,0.3663203463203463,0.2666666666666667
VCT 2025: Pacific Stage 1,Group Stage,Week 4,Gen.G vs Global Esports,Pearl,Gen.G,435,0.7,0.7069696969696969,0.6
VCT 2025: Pacific Stage 1,Group Stage,Week 4,TALON vs ZETA DIVISION,Lotus,TALON,436,0.3,0.5647186147186147,0.2333333333333333
VCT 2025: Pacific Stage 1,Group Stage,Week 4,TALON vs ZETA DIVISION,Lotus,ZETA DIVISION,436,0.3,0.47777777777777786,0.25
VCT 2025: Pacific Stage 1,Group Stage,Week 4,TALON vs ZETA DIVISION,Split,TALON,437,0.2,0.5182539682539682,0.16666666666666666
VCT 2025: Pacific Stage 1,Group Stage,Week 4,TALON vs ZETA DIVISION,Split,ZETA DIVISION,437,0.4,0.5927777777777778,0.38333333333333336
VCT 2025: Pacific Stage 1,Group Stage,Week 4,DetonatioN FocusMe vs Paper Rex,Ascent,DetonatioN FocusMe,438,0.2,0.23682539682539683,0.13333333333333333
VCT 2025: Pacific Stage 1,Group Stage,Week 4,DetonatioN FocusMe vs Paper Rex,Ascent,Paper Rex,438,0.5,0.5346953046953047,0.4333333333333333
VCT 2025: Pacific Stage 1,Group Stage,Week 4,DetonatioN FocusMe vs Paper Rex,Lotus,DetonatioN FocusMe,439,0.2,0.2511111111111111,0.13333333333333333
VCT 2025: Pacific Stage 1,Group Stage,Week 4,DetonatioN FocusMe vs Paper Rex,Lotus,Paper Rex,439,0.5,0.47040959040959046,0.3999999999999999
VCT 2025: Pacific Stage 1,Group Stage,Week 4,DetonatioN FocusMe vs Paper Rex,Pearl,DetonatioN FocusMe,440,0.2,0.30341880341880345,0.13333333333333333
VCT 2025: Pacific Stage 1,Group Stage,Week 4,DetonatioN FocusMe vs Paper Rex,Pearl,Paper Rex,440,0.6,0.5517282717282718,0.5333333333333332
VCT 2025: Pacific Stage 1,Group Stage,Week 5,Paper Rex vs Global Esports,Split,Paper Rex,441,0.5,0.5332667332667332,0.3999999999999999
VCT 2025: Pacific Stage 1,Group Stage,Week 5,Paper Rex vs Global Esports,Split,Global Esports,441,0.4,0.412987012987013,0.33333333333333337
VCT 2025: Pacific Stage 1,Group Stage,Week 5,Paper Rex vs Global Esports,Lotus,Paper Rex,442,0.7,0.5696303696303696,0.5999999999999999
VCT 2025: Pacific Stage 1,Group Stage,Week 5,Paper Rex vs Global Esports,Lotus,Global Esports,442,0.3,0.34285714285714286,0.2666666666666667
VCT 2025: Pacific Stage 1,Group Stage,Week 5,T1 vs TALON,Icebox,TALON,443,0.3,0.5606782106782107,0.2333333333333333
VCT 2025: Pacific Stage 1,Group Stage,Week 5,T1 vs TALON,Icebox,T1,443,0.5,0.47691197691197684,0.4
VCT 2025: Pacific Stage 1,Group Stage,Week 5,T1 vs TALON,Haven,TALON,444,0.4,0.6035353535353535,0.3
VCT 2025: Pacific Stage 1,Group Stage,Week 5,T1 vs TALON,Haven,T1,444,0.5,0.446002886002886,0.4
VCT 2025: Pacific Stage 1,Group Stage,Week 5,DRX vs Gen.G,Lotus,DRX,445,0.4,0.5767399267399267,0.4
VCT 2025: Pacific Stage 1,Group Stage,Week 5,DRX vs Gen.G,Lotus,Gen.G,445,0.7,0.7755411255411255,0.6
VCT 2025: Pacific Stage 1,Group Stage,Week 5,DRX vs Gen.G,Split,DRX,446,0.4,0.5034065934065934,0.33333333333333337
VCT 2025: Pacific Stage 1,Group Stage,Week 5,DRX vs Gen.G,Split,Gen.G,446,0.6,0.7422077922077921,0.5833333333333333
VCT 2025: Pacific Stage 1,Group Stage,Week 5,DRX vs Gen.G,Ascent,DRX,447,0.6,0.4534065934065934,0.5333333333333334
VCT 2025: Pacific Stage 1,Group Stage,Week 5,DRX vs Gen.G,Ascent,Gen.G,447,0.4,0.6852380952380953,0.3833333333333333
VCT 2025: Pacific Stage 1,Group Stage,Week 5,Nongshim RedForce vs ZETA DIVISION,Lotus,ZETA DIVISION,448,0.4,0.618968253968254,0.39666666666666667
VCT 2025: Pacific Stage 1,Group Stage,Week 5,Nongshim RedForce vs ZETA DIVISION,Lotus,Nongshim RedForce,448,0.6,0.544055944055944,0.5333333333333334
VCT 2025: Pacific Stage 1,Group Stage,Week 5,Nongshim RedForce vs ZETA DIVISION,Pearl,ZETA DIVISION,449,0.5,0.573968253968254,0.39666666666666667
VCT 2025: Pacific Stage 1,Group Stage,Week 5,Nongshim RedForce vs ZETA DIVISION,Pearl,Nongshim RedForce,449,0.5,0.5552447552447553,0.4666666666666666
VCT 2025: Pacific Stage 1,Group Stage,Week 5,Nongshim RedForce vs ZETA DIVISION,Split,Nongshim RedForce,450,0.5,0.6279720279720279,0.4
VCT 2025: Pacific Stage 1,Group Stage,Week 5,Nongshim RedForce vs ZETA DIVISION,Split,ZETA DIVISION,450,0.6,0.5753571428571429,0.44666666666666666
VCT 2025: Pacific Stage 1,Group Stage,Week 5,DetonatioN FocusMe vs BOOM Esports,Fracture,DetonatioN FocusMe,451,0.3,0.26730769230769236,0.2
VCT 2025: Pacific Stage 1,Group Stage,Week 5,DetonatioN FocusMe vs BOOM Esports,Fracture,BOOM Esports,451,0.7,0.5576923076923077,0.5833333333333333
VCT 2025: Pacific Stage 1,Group Stage,Week 5,DetonatioN FocusMe vs BOOM Esports,Ascent,DetonatioN FocusMe,452,0.3,0.36730769230769234,0.2
VCT 2025: Pacific Stage 1,Group Stage,Week 5,DetonatioN FocusMe vs BOOM Esports,Ascent,BOOM Esports,452,0.7,0.5576923076923077,0.5833333333333333
VCT 2025: Pacific Stage 1,Group Stage,Week 5,Rex Regum Qeon vs Team Secret,Haven,Rex Regum Qeon,453,0.6,0.7106060606060607,0.5333333333333333
VCT 2025: Pacific Stage 1,Group Stage,Week 5,Rex Regum Qeon vs Team Secret,Haven,Team Secret,453,0.5,0.3376190476190476,0.4
VCT 2025: Pacific Stage 1,Group Stage,Week 5,Rex Regum Qeon vs Team Secret,Ascent,Team Secret,454,0.6,0.3935014005602241,0.4666666666666667
VCT 2025: Pacific Stage 1,Group Stage,Week 5,Rex Regum Qeon vs Team Secret,Ascent,Rex Regum Qeon,454,0.4,0.6943381180223286,0.3333333333333333
VCT 2025: Pacific Stage 1,Group Stage,Week 5,Rex Regum Qeon vs Team Secret,Lotus,Rex Regum Qeon,455,0.3,0.6281043517885624,0.26666666666666666
VCT 2025: Pacific Stage 1,Group Stage,Week 5,Rex Regum Qeon vs Team Secret,Lotus,Team Secret,455,0.7,0.3922026992615228,0.6
VCT 2025: Pacific Stage 1,Playoffs,Upper Round 1,TALON vs Gen.G,Haven,Gen.G,456,0.4,0.6085714285714285,0.3833333333333333
VCT 2025: Pacific Stage 1,Playoffs,Upper Round 1,TALON vs Gen.G,Haven,TALON,456,0.5,0.5736652236652235,0.3333333333333333
VCT 2025: Pacific Stage 1,Playoffs,Upper Round 1,TALON vs Gen.G,Icebox,Gen.G,457,0.3,0.5257142857142857,0.25
VCT 2025: Pacific Stage 1,Playoffs,Upper Round 1,TALON vs Gen.G,Icebox,TALON,457,0.5,0.5665223665223664,0.3333333333333333
VCT 2025: Pacific Stage 1,Playoffs,Upper Round 1,TALON vs Gen.G,Pearl,TALON,458,0.6,0.5887445887445888,0.4
VCT 2025: Pacific Stage 1,Playoffs,Upper Round 1,TALON vs Gen.G,Pearl,Gen.G,458,0.3,0.5356043956043957,0.25
VCT 2025: Pacific Stage 1,Playoffs,Upper Round 1,DRX vs T1,Lotus,T1,459,0.4,0.41743145743145743,0.3333333333333333
VCT 2025: Pacific Stage 1,Playoffs,Upper Round 1,DRX vs T1,Lotus,DRX,459,0.7,0.47904761904761906,0.6
VCT 2025: Pacific Stage 1,Playoffs,Upper Round 1,DRX vs T1,Fracture,DRX,460,0.8,0.5091228070175439,0.6
VCT 2025: Pacific Stage 1,Playoffs,Upper Round 1,DRX vs T1,Fracture,T1,460,0.4,0.3992496392496393,0.3833333333333333
VCT 2025: Pacific Stage 1,Playoffs,Upper Semifinals,BOOM Esports vs Gen.G,Split,BOOM Esports,461,0.8,0.5243589743589743,0.7166666666666666
VCT 2025: Pacific Stage 1,Playoffs,Upper Semifinals,BOOM Esports vs Gen.G,Split,Gen.G,461,0.4,0.5674225774225774,0.26666666666666666
VCT 2025: Pacific Stage 1,Playoffs,Upper Semifinals,BOOM Esports vs Gen.G,Ascent,Gen.G,462,0.5,0.5893273393273393,0.3333333333333333
VCT 2025: Pacific Stage 1,Playoffs,Upper Semifinals,BOOM Esports vs Gen.G,Ascent,BOOM Esports,462,0.7,0.4854700854700854,0.5833333333333333
VCT 2025: Pacific Stage 1,Playoffs,Upper Semifinals,Rex Regum Qeon vs DRX,Fracture,DRX,463,0.7,0.535438596491228,0.5333333333333334
VCT 2025: Pacific Stage 1,Playoffs,Upper Semifinals,Rex Regum Qeon vs DRX,Fracture,Rex Regum Qeon,463,0.2,0.6381043517885623,0.13333333333333333
VCT 2025: Pacific Stage 1,Playoffs,Upper Semifinals,Rex Regum Qeon vs DRX,Icebox,DRX,464,0.6,0.6004385964912281,0.4666666666666667
VCT 2025: Pacific Stage 1,Playoffs,Upper Semifinals,Rex Regum Qeon vs DRX,Icebox,Rex Regum Qeon,464,0.3,0.5809614946457052,0.26666666666666666
VCT 2025: Pacific Stage 1,Playoffs,Upper Semifinals,Rex Regum Qeon vs DRX,Lotus,Rex Regum Qeon,465,0.3,0.5773251310093416,0.26666666666666666
VCT 2025: Pacific Stage 1,Playoffs,Upper Semifinals,Rex Regum Qeon vs DRX,Lotus,DRX,465,0.5,0.525438596491228,0.33333333333333337
VCT 2025: Pacific Stage 1,Playoffs,Lower Round 1,TALON vs Nongshim RedForce,Haven,Nongshim RedForce,466,0.5,0.711888111888112,0.4
VCT 2025: Pacific Stage 1,Playoffs,Lower Round 1,TALON vs Nongshim RedForce,Haven,TALON,466,0.6,0.5196536796536797,0.3833333333333333
VCT 2025: Pacific Stage 1,Playoffs,Lower Round 1,TALON vs Nongshim RedForce,Pearl,TALON,467,0.6,0.4998734598734599,0.3833333333333333
VCT 2025: Pacific Stage 1,Playoffs,Lower Round 1,TALON vs Nongshim RedForce,Pearl,Nongshim RedForce,467,0.5,0.695104895104895,0.4333333333333333
VCT 2025: Pacific Stage 1,Playoffs,Lower Round 1,TALON vs Nongshim RedForce,Ascent,Nongshim RedForce,468,0.6,0.6405594405594406,0.5666666666666667
VCT 2025: Pacific Stage 1,Playoffs,Lower Round 1,TALON vs Nongshim RedForce,Ascent,TALON,468,0.4,0.4726007326007326,0.25
VCT 2025: Pacific Stage 1,Playoffs,Lower Round 1,T1 vs Paper Rex,Fracture,Paper Rex,469,0.7,0.6280919080919081,0.5833333333333333
VCT 2025: Pacific Stage 1,Playoffs,Lower Round 1,T1 vs Paper Rex,Fracture,T1,469,0.4,0.3668686868686869,0.3833333333333333
VCT 2025: Pacific Stage 1,Playoffs,Lower Round 1,T1 vs Paper Rex,Ascent,Paper Rex,470,0.6,0.5709490509490509,0.5166666666666666
VCT 2025: Pacific Stage 1,Playoffs,Lower Round 1,T1 vs Paper Rex,Ascent,T1,470,0.5,0.4678787878787879,0.5166666666666666
VCT 2025: Pacific Stage 1,Playoffs,Lower Round 1,T1 vs Paper Rex,Lotus,Paper Rex,471,0.6,0.5824875124875125,0.5166666666666666
VCT 2025: Pacific Stage 1,Playoffs,Lower Round 1,T1 vs Paper Rex,Lotus,T1,471,0.4,0.4578787878787879,0.45
VCT 2025: Pacific Stage 1,Playoffs,Lower Round 2,DRX vs TALON,Icebox,DRX,472,0.5,0.49798761609907116,0.33333333333333337
VCT 2025: Pacific Stage 1,Playoffs,Lower Round 2,DRX vs TALON,Icebox,TALON,472,0.3,0.48974358974358967,0.18333333333333335
VCT 2025: Pacific Stage 1,Playoffs,Lower Round 2,DRX vs TALON,Fracture,TALON,473,0.3,0.4630769230769231,0.18333333333333332
VCT 2025: Pacific Stage 1,Playoffs,Lower Round 2,DRX vs TALON,Fracture,DRX,473,0.4,0.5488648090815273,0.33333333333333337
VCT 2025: Pacific Stage 1,Playoffs,Lower Round 2,BOOM Esports vs Paper Rex,Lotus,BOOM Esports,474,0.7,0.4654700854700854,0.6
VCT 2025: Pacific Stage 1,Playoffs,Lower Round 2,BOOM Esports vs Paper Rex,Lotus,Paper Rex,474,0.7,0.6224875124875124,0.6499999999999999
VCT 2025: Pacific Stage 1,Playoffs,Lower Round 2,BOOM Esports vs Paper Rex,Fracture,BOOM Esports,475,0.6,0.42102564102564105,0.5333333333333333
VCT 2025: Pacific Stage 1,Playoffs,Lower Round 2,BOOM Esports vs Paper Rex,Fracture,Paper Rex,475,0.7,0.5936996336996337,0.65
VCT 2025: Pacific Stage 1,Playoffs,Upper Final,Gen.G vs Rex Regum Qeon,Lotus,Gen.G,476,0.5,0.6696303696303696,0.3333333333333333
VCT 2025: Pacific Stage 1,Playoffs,Upper Final,Gen.G vs Rex Regum Qeon,Lotus,Rex Regum Qeon,476,0.4,0.5521789321789322,0.3333333333333333
VCT 2025: Pacific Stage 1,Playoffs,Upper Final,Gen.G vs Rex Regum Qeon,Icebox,Gen.G,477,0.6,0.7355644355644355,0.4666666666666666
VCT 2025: Pacific Stage 1,Playoffs,Upper Final,Gen.G vs Rex Regum Qeon,Icebox,Rex Regum Qeon,477,0.4,0.5412698412698413,0.3333333333333333
VCT 2025: Pacific Stage 1,Playoffs,Lower Round 3,DRX vs Paper Rex,Lotus,DRX,478,0.5,0.5383384932920536,0.4
VCT 2025: Pacific Stage 1,Playoffs,Lower Round 3,DRX vs Paper Rex,Lotus,Paper Rex,478,0.8,0.6006926406926407,0.8
VCT 2025: Pacific Stage 1,Playoffs,Lower Round 3,DRX vs Paper Rex,Icebox,DRX,479,0.5,0.5133384932920537,0.4
VCT 2025: Pacific Stage 1,Playoffs,Lower Round 3,DRX vs Paper Rex,Icebox,Paper Rex,479,0.9,0.6971212121212121,0.8666666666666666
VCT 2025: Pacific Stage 1,Playoffs,Lower Final,Rex Regum Qeon vs Paper Rex,Fracture,Paper Rex,480,0.8,0.6637878787878788,0.7333333333333333
VCT 2025: Pacific Stage 1,Playoffs,Lower Final,Rex Regum Qeon vs Paper Rex,Fracture,Rex Regum Qeon,480,0.4,0.5368253968253968,0.3333333333333333
VCT 2025: Pacific Stage 1,Playoffs,Lower Final,Rex Regum Qeon vs Paper Rex,Split,Rex Regum Qeon,481,0.3,0.5011111111111111,0.2
VCT 2025: Pacific Stage 1,Playoffs,Lower Final,Rex Regum Qeon vs Paper Rex,Split,Paper Rex,481,0.8,0.6637878787878788,0.7333333333333332
VCT 2025: Pacific Stage 1,Playoffs,Lower Final,Rex Regum Qeon vs Paper Rex,Pearl,Rex Regum Qeon,482,0.3,0.4411111111111111,0.2
VCT 2025: Pacific Stage 1,Playoffs,Lower Final,Rex Regum Qeon vs Paper Rex,Pearl,Paper Rex,482,0.7,0.6423593073593075,0.5999999999999999
VCT 2025: Pacific Stage 1,Playoffs,Lower Final,Rex Regum Qeon vs Paper Rex,Icebox,Paper Rex,483,0.6,0.6135714285714287,0.4499999999999999
VCT 2025: Pacific Stage 1,Playoffs,Lower Final,Rex Regum Qeon vs Paper Rex,Icebox,Rex Regum Qeon,483,0.3,0.4438888888888889,0.2
VCT 2025: Pacific Stage 1,Playoffs,Lower Final,Rex Regum Qeon vs Paper Rex,Ascent,Rex Regum Qeon,484,0.3,0.4496031746031746,0.2
VCT 2025: Pacific Stage 1,Playoffs,Lower Final,Rex Regum Qeon vs Paper Rex,Ascent,Paper Rex,484,0.7,0.6441269841269841,0.5833333333333333
VCT 2025: Pacific Stage 1,Playoffs,Grand Final,Gen.G vs Rex Regum Qeon,Haven,Rex Regum Qeon,485,0.3,0.49917582417582407,0.2
VCT 2025: Pacific Stage 1,Playoffs,Grand Final,Gen.G vs Rex Regum Qeon,Haven,Gen.G,485,0.6,0.7304362304362305,0.4666666666666667
VCT 2025: Pacific Stage 1,Playoffs,Grand Final,Gen.G vs Rex Regum Qeon,Ascent,Rex Regum Qeon,486,0.4,0.5414835164835164,0.26666666666666666
VCT 2025: Pacific Stage 1,Playoffs,Grand Final,Gen.G vs Rex Regum Qeon,Ascent,Gen.G,486,0.6,0.6716949716949717,0.5333333333333333
VCT 2025: Pacific Stage 1,Playoffs,Grand Final,Gen.G vs Rex Regum Qeon,Lotus,Rex Regum Qeon,487,0.5,0.5539835164835164,0.3333333333333333
VCT 2025: Pacific Stage 1,Playoffs,Grand Final,Gen.G vs Rex Regum Qeon,Lotus,Gen.G,487,0.5,0.6497902097902097,0.4666666666666667
VCT 2025: Pacific Stage 1,Playoffs,Grand Final,Gen.G vs Rex Regum Qeon,Icebox,Rex Regum Qeon,488,0.5,0.5432692307692307,0.33333333333333337
VCT 2025: Pacific Stage 1,Playoffs,Grand Final,Gen.G vs Rex Regum Qeon,Icebox,Gen.G,488,0.5,0.5750427350427351,0.4666666666666667
VCT 2025: Americas Stage 1,Group Stage,Week 1,Cloud9 vs NRG,Lotus,Cloud9,594,0.5,0.48647186147186144,0.4
VCT 2025: Americas Stage 1,Group Stage,Week 1,Cloud9 vs NRG,Lotus,Mega Minors,594,0.6,0.4543589743589743,0.5333333333333333
VCT 2025: Americas Stage 1,Group Stage,Week 1,Cloud9 vs NRG,Fracture,Mega Minors,595,0.6,0.4654700854700855,0.5333333333333333
VCT 2025: Americas Stage 1,Group Stage,Week 1,Cloud9 vs NRG,Fracture,Cloud9,595,0.5,0.48647186147186144,0.4
VCT 2025: Americas Stage 1,Group Stage,Week 1,Cloud9 vs NRG,Pearl,Cloud9,596,0.5,0.5107142857142857,0.4666666666666666
VCT 2025: Americas Stage 1,Group Stage,Week 1,Cloud9 vs NRG,Pearl,Mega Minors,596,0.5,0.4188034188034188,0.39999999999999997
VCT 2025: Americas Stage 1,Group Stage,Week 1,KRÜ Esports vs LOUD,Fracture,LOUD,597,0.5,0.45608974358974363,0.3
VCT 2025: Americas Stage 1,Group Stage,Week 1,KRÜ Esports vs LOUD,Fracture,KRÜ Esports,597,0.4,0.6178663003663004,0.3333333333333333
VCT 2025: Americas Stage 1,Group Stage,Week 1,KRÜ Esports vs LOUD,Haven,LOUD,598,0.6,0.5254079254079255,0.36666666666666664
VCT 2025: Americas Stage 1,Group Stage,Week 1,KRÜ Esports vs LOUD,Haven,KRÜ Esports,598,0.3,0.47940476190476194,0.2
VCT 2025: Americas Stage 1,Group Stage,Week 1,KRÜ Esports vs LOUD,Split,LOUD,599,0.5,0.45874125874125876,0.31666666666666665
VCT 2025: Americas Stage 1,Group Stage,Week 1,KRÜ Esports vs LOUD,Split,KRÜ Esports,599,0.4,0.5210714285714286,0.33333333333333337
VCT 2025: Americas Stage 1,Group Stage,Week 1,G2 Esports vs FURIA,Lotus,G2 Esports,600,0.4,0.5257142857142857,0.2833333333333333
VCT 2025: Americas Stage 1,Group Stage,Week 1,G2 Esports vs FURIA,Lotus,FURIA,600,0.4,0.4361616161616162,0.3833333333333333
VCT 2025: Americas Stage 1,Group Stage,Week 1,G2 Esports vs FURIA,Ascent,FURIA,601,0.3,0.41282828282828277,0.25
VCT 2025: Americas Stage 1,Group Stage,Week 1,G2 Esports vs FURIA,Ascent,G2 Esports,601,0.4,0.5287912087912089,0.25
VCT 2025: Americas Stage 1,Group Stage,Week 1,MIBR vs LEVIATÁN,Split,MIBR,602,0.6,0.3917016317016317,0.4666666666666667
VCT 2025: Americas Stage 1,Group Stage,Week 1,MIBR vs LEVIATÁN,Split,LEVIATÁN,602,0.5,0.5142424242424243,0.31666666666666665
VCT 2025: Americas Stage 1,Group Stage,Week 1,MIBR vs LEVIATÁN,Icebox,MIBR,603,0.6,0.43272727272727274,0.4666666666666666
VCT 2025: Americas Stage 1,Group Stage,Week 1,MIBR vs LEVIATÁN,Icebox,LEVIATÁN,603,0.4,0.530909090909091,0.26666666666666666
VCT 2025: Americas Stage 1,Group Stage,Week 1,2Game Esports vs Evil Geniuses,Haven,2Game Esports,604,0.25,0.3277777777777778,0.16666666666666666
VCT 2025: Americas Stage 1,Group Stage,Week 1,2Game Esports vs Evil Geniuses,Haven,Evil Geniuses,604,0.7,0.48076923076923084,0.7
VCT 2025: Americas Stage 1,Group Stage,Week 1,2Game Esports vs Evil Geniuses,Lotus,2Game Esports,605,0.3,0.3822222222222222,0.18333333333333332
VCT 2025: Americas Stage 1,Group Stage,Week 1,2Game Esports vs Evil Geniuses,Lotus,Evil Geniuses,605,0.6,0.5115384615384616,0.6333333333333333
VCT 2025: Americas Stage 1,Group Stage,Week 1,Sentinels vs 100 Thieves,Pearl,100 Thieves,606,0.4,0.5007843137254901,0.33333333333333337
VCT 2025: Americas Stage 1,Group Stage,Week 1,Sentinels vs 100 Thieves,Pearl,Sentinels,606,0.2,0.4473076923076924,0.13333333333333333
VCT 2025: Americas Stage 1,Group Stage,Week 1,Sentinels vs 100 Thieves,Haven,100 Thieves,607,0.3,0.47514328808446454,0.3166666666666667
VCT 2025: Americas Stage 1,Group Stage,Week 1,Sentinels vs 100 Thieves,Haven,Sentinels,607,0.4,0.5309440559440559,0.26666666666666666
VCT 2025: Americas Stage 1,Group Stage,Week 1,Sentinels vs 100 Thieves,Split,Sentinels,608,0.3,0.552922077922078,0.2
VCT 2025: Americas Stage 1,Group Stage,Week 1,Sentinels vs 100 Thieves,Split,100 Thieves,608,0.4,0.47514328808446454,0.45
VCT 2025: Americas Stage 1,Group Stage,Week 2,NRG vs FURIA,Lotus,Mega Minors,609,0.5,0.3688034188034188,0.39999999999999997
VCT 2025: Americas Stage 1,Group Stage,Week 2,NRG vs FURIA,Lotus,FURIA,609,0.2,0.39464646464646463,0.23333333333333334
VCT 2025: Americas Stage 1,Group Stage,Week 2,NRG vs FURIA,Pearl,Mega Minors,610,0.4,0.3677777777777778,0.3333333333333333
VCT 2025: Americas Stage 1,Group Stage,Week 2,NRG vs FURIA,Pearl,FURIA,610,0.4,0.4146464646464646,0.4333333333333334
VCT 2025: Americas Stage 1,Group Stage,Week 2,NRG vs FURIA,Fracture,Mega Minors,611,0.5,0.47333333333333333,0.4666666666666666
VCT 2025: Americas Stage 1,Group Stage,Week 2,NRG vs FURIA,Fracture,FURIA,611,0.4,0.36010101010101014,0.38333333333333336
VCT 2025: Americas Stage 1,Group Stage,Week 2,Sentinels vs KRÜ Esports,Lotus,KRÜ Esports,612,0.5,0.5197727272727273,0.3666666666666667
VCT 2025: Americas Stage 1,Group Stage,Week 2,Sentinels vs KRÜ Esports,Lotus,Sentinels,612,0.4,0.5556998556998557,0.3333333333333333
VCT 2025: Americas Stage 1,Group Stage,Week 2,Sentinels vs KRÜ Esports,Icebox,KRÜ Esports,613,0.5,0.5969155844155845,0.36666666666666664
VCT 2025: Americas Stage 1,Group Stage,Week 2,Sentinels vs KRÜ Esports,Icebox,Sentinels,613,0.5,0.5056998556998556,0.4
VCT 2025: Americas Stage 1,Group Stage,Week 2,100 Thieves vs Evil Geniuses,Fracture,Evil Geniuses,614,0.6,0.48461538461538467,0.6333333333333333
VCT 2025: Americas Stage 1,Group Stage,Week 2,100 Thieves vs Evil Geniuses,Fracture,100 Thieves,614,0.2,0.42102564102564094,0.25
VCT 2025: Americas Stage 1,Group Stage,Week 2,100 Thieves vs Evil Geniuses,Haven,Evil Geniuses,615,0.7,0.4128205128205128,0.7666666666666666
VCT 2025: Americas Stage 1,Group Stage,Week 2,100 Thieves vs Evil Geniuses,Haven,100 Thieves,615,0.2,0.43098039215686273,0.3
VCT 2025: Americas Stage 1,Group Stage,Week 2,G2 Esports vs MIBR,Pearl,G2 Esports,616,0.5,0.5742457542457543,0.3333333333333333
VCT 2025: Americas Stage 1,Group Stage,Week 2,G2 Esports vs MIBR,Pearl,MIBR,616,0.7,0.48307692307692307,0.6
VCT 2025: Americas Stage 1,Group Stage,Week 2,G2 Esports vs MIBR,Haven,G2 Esports,617,0.5,0.5565986954222248,0.3333333333333333
VCT 2025: Americas Stage 1,Group Stage,Week 2,G2 Esports vs MIBR,Haven,MIBR,617,0.6,0.5728205128205128,0.5333333333333333
VCT 2025: Americas Stage 1,Group Stage,Week 2,G2 Esports vs MIBR,Ascent,MIBR,618,0.6,0.5528205128205128,0.5333333333333333
VCT 2025: Americas Stage 1,Group Stage,Week 2,G2 Esports vs MIBR,Ascent,G2 Esports,618,0.6,0.5532653620888915,0.4333333333333333
VCT 2025: Americas Stage 1,Group Stage,Week 2,LOUD vs 2Game Esports,Lotus,2Game Esports,619,0.1,0.4222222222222222,0.1
VCT 2025: Americas Stage 1,Group Stage,Week 2,LOUD vs 2Game Esports,Lotus,LOUD,619,0.4,0.4895104895104895,0.3
VCT 2025: Americas Stage 1,Group Stage,Week 2,LOUD vs 2Game Esports,Pearl,LOUD,620,0.4,0.5051967640202933,0.31666666666666665
VCT 2025: Americas Stage 1,Group Stage,Week 2,LOUD vs 2Game Esports,Pearl,2Game Esports,620,0.2,0.45964912280701753,0.16666666666666666
VCT 2025: Americas Stage 1,Group Stage,Week 2,LEVIATÁN vs Cloud9,Split,Cloud9,621,0.5,0.5107142857142857,0.4666666666666666
VCT 2025: Americas Stage 1,Group Stage,Week 2,LEVIATÁN vs Cloud9,Split,LEVIATÁN,621,0.3,0.5630769230769231,0.2
VCT 2025: Americas Stage 1,Group Stage,Week 2,LEVIATÁN vs Cloud9,Ascent,LEVIATÁN,622,0.3,0.4930769230769231,0.2
VCT 2025: Americas Stage 1,Group Stage,Week 2,LEVIATÁN vs Cloud9,Ascent,Cloud9,622,0.5,0.5535714285714286,0.4666666666666667
VCT 2025: Americas Stage 1,Group Stage,Week 3,Evil Geniuses vs Sentinels,Haven,Evil Geniuses,623,0.6,0.4128205128205128,0.6333333333333333
VCT 2025: Americas Stage 1,Group Stage,Week 3,Evil Geniuses vs Sentinels,Haven,Sentinels,623,0.5,0.6287767787767787,0.4
VCT 2025: Americas Stage 1,Group Stage,Week 3,Evil Geniuses vs Sentinels,Pearl,Evil Geniuses,624,0.6,0.4461538461538462,0.6
VCT 2025: Americas Stage 1,Group Stage,Week 3,Evil Geniuses vs Sentinels,Pearl,Sentinels,624,0.4,0.6343711843711843,0.33333333333333337
VCT 2025: Americas Stage 1,Group Stage,Week 3,100 Thieves vs LOUD,Haven,100 Thieves,625,0.4,0.4697682709447416,0.5
VCT 2025: Americas Stage 1,Group Stage,Week 3,100 Thieves vs LOUD,Haven,LOUD,625,0.3,0.5176967640202934,0.24999999999999994
VCT 2025: Americas Stage 1,Group Stage,Week 3,100 Thieves vs LOUD,Icebox,100 Thieves,626,0.4,0.44754604872251935,0.45
VCT 2025: Americas Stage 1,Group Stage,Week 3,100 Thieves vs LOUD,Icebox,LOUD,626,0.3,0.4435708898944193,0.31666666666666665
VCT 2025: Americas Stage 1,Group Stage,Week 3,100 Thieves vs LOUD,Split,100 Thieves,627,0.4,0.46754604872251926,0.3833333333333333
VCT 2025: Americas Stage 1,Group Stage,Week 3,100 Thieves vs LOUD,Split,LOUD,627,0.3,0.5530946994182289,0.36666666666666664
VCT 2025: Americas Stage 1,Group Stage,Week 3,2Game Esports vs KRÜ Esports,Icebox,2Game Esports,628,0.4,0.4873414304993252,0.36666666666666664
VCT 2025: Americas Stage 1,Group Stage,Week 3,2Game Esports vs KRÜ Esports,Icebox,KRÜ Esports,628,0.7,0.5760822510822511,0.5666666666666667
VCT 2025: Americas Stage 1,Group Stage,Week 3,2Game Esports vs KRÜ Esports,Ascent,KRÜ Esports,629,0.8,0.718939393939394,0.6333333333333333
VCT 2025: Americas Stage 1,Group Stage,Week 3,2Game Esports vs KRÜ Esports,Ascent,2Game Esports,629,0.5,0.5206747638326586,0.4333333333333333
VCT 2025: Americas Stage 1,Group Stage,Week 3,2Game Esports vs KRÜ Esports,Pearl,KRÜ Esports,630,0.6,0.6439393939393939,0.4333333333333333
VCT 2025: Americas Stage 1,Group Stage,Week 3,2Game Esports vs KRÜ Esports,Pearl,2Game Esports,630,0.6,0.5237516869095817,0.5833333333333333
VCT 2025: Americas Stage 1,Group Stage,Week 3,G2 Esports vs NRG,Lotus,G2 Esports,631,0.7,0.5875510763746059,0.5666666666666667
VCT 2025: Americas Stage 1,Group Stage,Week 3,G2 Esports vs NRG,Lotus,Mega Minors,631,0.4,0.5258585858585858,0.33333333333333326
VCT 2025: Americas Stage 1,Group Stage,Week 3,G2 Esports vs NRG,Ascent,G2 Esports,632,0.8,0.6422519310754604,0.7
VCT 2025: Americas Stage 1,Group Stage,Week 3,G2 Esports vs NRG,Ascent,Mega Minors,632,0.3,0.5258585858585858,0.2666666666666666
VCT 2025: Americas Stage 1,Group Stage,Week 3,FURIA vs LEVIATÁN,Ascent,FURIA,633,0.4,0.2712121212121212,0.38333333333333336
VCT 2025: Americas Stage 1,Group Stage,Week 3,FURIA vs LEVIATÁN,Ascent,LEVIATÁN,633,0.2,0.4597435897435898,0.13333333333333336
VCT 2025: Americas Stage 1,Group Stage,Week 3,FURIA vs LEVIATÁN,Pearl,FURIA,634,0.3,0.21454545454545454,0.31666666666666665
VCT 2025: Americas Stage 1,Group Stage,Week 3,FURIA vs LEVIATÁN,Pearl,LEVIATÁN,634,0.3,0.4864102564102565,0.19999999999999998
VCT 2025: Americas Stage 1,Group Stage,Week 3,Cloud9 vs MIBR,Pearl,Cloud9,635,0.6,0.6585714285714286,0.5333333333333333
VCT 2025: Americas Stage 1,Group Stage,Week 3,Cloud9 vs MIBR,Pearl,MIBR,635,0.6,0.60009324009324,0.5333333333333333
VCT 2025: Americas Stage 1,Group Stage,Week 3,Cloud9 vs MIBR,Lotus,MIBR,636,0.5,0.5467599067599067,0.4
VCT 2025: Americas Stage 1,Group Stage,Week 3,Cloud9 vs MIBR,Lotus,Cloud9,636,0.7,0.6835714285714285,0.6
VCT 2025: Americas Stage 1,Group Stage,Week 3,Cloud9 vs MIBR,Haven,MIBR,637,0.4,0.557016317016317,0.26666666666666666
VCT 2025: Americas Stage 1,Group Stage,Week 3,Cloud9 vs MIBR,Haven,Cloud9,637,0.7,0.6443557422969187,0.5333333333333333
VCT 2025: Americas Stage 1,Group Stage,Week 4,100 Thieves vs 2Game Esports,Ascent,2Game Esports,638,0.7,0.4904183535762483,0.6
VCT 2025: Americas Stage 1,Group Stage,Week 4,100 Thieves vs 2Game Esports,Ascent,100 Thieves,638,0.4,0.5875460487225193,0.3833333333333333
VCT 2025: Americas Stage 1,Group Stage,Week 4,100 Thieves vs 2Game Esports,Icebox,2Game Esports,639,0.7,0.4541025641025641,0.6666666666666666
VCT 2025: Americas Stage 1,Group Stage,Week 4,100 Thieves vs 2Game Esports,Icebox,100 Thieves,639,0.5,0.6110754604872252,0.3833333333333333
VCT 2025: Americas Stage 1,Group Stage,Week 4,G2 Esports vs LEVIATÁN,Lotus,G2 Esports,640,0.7,0.6523529411764706,0.6666666666666666
VCT 2025: Americas Stage 1,Group Stage,Week 4,G2 Esports vs LEVIATÁN,Lotus,LEVIATÁN,640,0.5,0.48974358974358967,0.4
VCT 2025: Americas Stage 1,Group Stage,Week 4,G2 Esports vs LEVIATÁN,Fracture,LEVIATÁN,641,0.7,0.45999999999999996,0.5333333333333333
VCT 2025: Americas Stage 1,Group Stage,Week 4,G2 Esports vs LEVIATÁN,Fracture,G2 Esports,641,0.6,0.6930769230769231,0.6
VCT 2025: Americas Stage 1,Group Stage,Week 4,G2 Esports vs LEVIATÁN,Haven,G2 Esports,642,0.7,0.630955710955711,0.7
VCT 2025: Americas Stage 1,Group Stage,Week 4,G2 Esports vs LEVIATÁN,Haven,LEVIATÁN,642,0.6,0.5094117647058823,0.5166666666666666
VCT 2025: Americas Stage 1,Group Stage,Week 4,FURIA vs Cloud9,Lotus,Cloud9,643,0.6,0.6419747899159665,0.4333333333333333
VCT 2025: Americas Stage 1,Group Stage,Week 4,FURIA vs Cloud9,Lotus,FURIA,643,0.3,0.36,0.26666666666666666
VCT 2025: Americas Stage 1,Group Stage,Week 4,FURIA vs Cloud9,Pearl,Cloud9,644,0.6,0.6534033613445377,0.4333333333333333
VCT 2025: Americas Stage 1,Group Stage,Week 4,FURIA vs Cloud9,Pearl,FURIA,644,0.2,0.36,0.13333333333333333
VCT 2025: Americas Stage 1,Group Stage,Week 4,Sentinels vs LOUD,Split,LOUD,645,0.5,0.5204023917259212,0.5166666666666666
VCT 2025: Americas Stage 1,Group Stage,Week 4,Sentinels vs LOUD,Split,Sentinels,645,0.6,0.6534188034188034,0.5333333333333333
VCT 2025: Americas Stage 1,Group Stage,Week 4,Sentinels vs LOUD,Lotus,Sentinels,646,0.5,0.5823076923076924,0.4666666666666666
VCT 2025: Americas Stage 1,Group Stage,Week 4,Sentinels vs LOUD,Lotus,LOUD,646,0.5,0.5380494505494505,0.5
VCT 2025: Americas Stage 1,Group Stage,Week 4,Sentinels vs LOUD,Haven,LOUD,647,0.6,0.5477716727716728,0.5666666666666667
VCT 2025: Americas Stage 1,Group Stage,Week 4,Sentinels vs LOUD,Haven,Sentinels,647,0.5,0.6323076923076923,0.5
VCT 2025: Americas Stage 1,Group Stage,Week 4,KRÜ Esports vs Evil Geniuses,Lotus,Evil Geniuses,648,0.5,0.4087912087912088,0.4666666666666667
VCT 2025: Americas Stage 1,Group Stage,Week 4,KRÜ Esports vs Evil Geniuses,Lotus,KRÜ Esports,648,0.5,0.6803030303030303,0.4
VCT 2025: Americas Stage 1,Group Stage,Week 4,KRÜ Esports vs Evil Geniuses,Pearl,Evil Geniuses,649,0.4,0.4523809523809524,0.4
VCT 2025: Americas Stage 1,Group Stage,Week 4,KRÜ Esports vs Evil Geniuses,Pearl,KRÜ Esports,649,0.5,0.5564935064935065,0.4
VCT 2025: Americas Stage 1,Group Stage,Week 4,NRG vs MIBR,Haven,MIBR,650,0.4,0.5612121212121213,0.3
VCT 2025: Americas Stage 1,Group Stage,Week 4,NRG vs MIBR,Haven,Mega Minors,650,0.4,0.5341919191919191,0.3333333333333333
VCT 2025: Americas Stage 1,Group Stage,Week 4,NRG vs MIBR,Icebox,Mega Minors,651,0.5,0.4820707070707071,0.39999999999999997
VCT 2025: Americas Stage 1,Group Stage,Week 4,NRG vs MIBR,Icebox,MIBR,651,0.4,0.6178787878787879,0.29999999999999993
VCT 2025: Americas Stage 1,Group Stage,Week 5,G2 Esports vs Cloud9,Icebox,Cloud9,652,0.6,0.6511811391223155,0.5
VCT 2025: Americas Stage 1,Group Stage,Week 5,G2 Esports vs Cloud9,Icebox,G2 Esports,652,0.5,0.6823842823842823,0.5
VCT 2025: Americas Stage 1,Group Stage,Week 5,G2 Esports vs Cloud9,Haven,G2 Esports,653,0.4,0.6546065046065046,0.36666666666666664
VCT 2025: Americas Stage 1,Group Stage,Week 5,G2 Esports vs Cloud9,Haven,Cloud9,653,0.6,0.5833239962651727,0.5
VCT 2025: Americas Stage 1,Group Stage,Week 5,G2 Esports vs Cloud9,Pearl,Cloud9,654,0.7,0.6292063492063491,0.6333333333333334
VCT 2025: Americas Stage 1,Group Stage,Week 5,G2 Esports vs Cloud9,Pearl,G2 Esports,654,0.3,0.5657176157176157,0.26666666666666666
VCT 2025: Americas Stage 1,Group Stage,Week 5,MIBR vs FURIA,Icebox,MIBR,655,0.4,0.6620346320346321,0.35
VCT 2025: Americas Stage 1,Group Stage,Week 5,MIBR vs FURIA,Icebox,FURIA,655,0.2,0.36,0.13333333333333333
VCT 2025: Americas Stage 1,Group Stage,Week 5,MIBR vs FURIA,Ascent,FURIA,656,0.1,0.44571428571428573,0.06666666666666667
VCT 2025: Americas Stage 1,Group Stage,Week 5,MIBR vs FURIA,Ascent,MIBR,656,0.5,0.7598124098124098,0.4833333333333333
VCT 2025: Americas Stage 1,Group Stage,Week 5,MIBR vs FURIA,Split,FURIA,657,0.1,0.5523809523809524,0.06666666666666667
VCT 2025: Americas Stage 1,Group Stage,Week 5,MIBR vs FURIA,Split,MIBR,657,0.6,0.7173881673881674,0.6166666666666666
VCT 2025: Americas Stage 1,Group Stage,Week 5,Sentinels vs 2Game Esports,Haven,2Game Esports,658,0.7,0.37141025641025643,0.6666666666666666
VCT 2025: Americas Stage 1,Group Stage,Week 5,Sentinels vs 2Game Esports,Haven,Sentinels,658,0.6,0.6728671328671328,0.6333333333333333
VCT 2025: Americas Stage 1,Group Stage,Week 5,Sentinels vs 2Game Esports,Pearl,Sentinels,659,0.6,0.6869696969696969,0.6333333333333333
VCT 2025: Americas Stage 1,Group Stage,Week 5,Sentinels vs 2Game Esports,Pearl,2Game Esports,659,0.7,0.37141025641025643,0.6666666666666667
VCT 2025: Americas Stage 1,Group Stage,Week 5,KRÜ Esports vs 100 Thieves,Fracture,100 Thieves,660,0.3,0.6227637721755369,0.2333333333333333
VCT 2025: Americas Stage 1,Group Stage,Week 5,KRÜ Esports vs 100 Thieves,Fracture,KRÜ Esports,660,0.4,0.5148268398268397,0.26666666666666666
VCT 2025: Americas Stage 1,Group Stage,Week 5,KRÜ Esports vs 100 Thieves,Icebox,KRÜ Esports,661,0.4,0.4786363636363637,0.26666666666666666
VCT 2025: Americas Stage 1,Group Stage,Week 5,KRÜ Esports vs 100 Thieves,Icebox,100 Thieves,661,0.4,0.6926050420168067,0.3
VCT 2025: Americas Stage 1,Group Stage,Week 5,Evil Geniuses vs LOUD,Lotus,Evil Geniuses,662,0.3,0.5057142857142857,0.26666666666666666
VCT 2025: Americas Stage 1,Group Stage,Week 5,Evil Geniuses vs LOUD,Lotus,LOUD,662,0.5,0.5067460317460317,0.4333333333333333
VCT 2025: Americas Stage 1,Group Stage,Week 5,Evil Geniuses vs LOUD,Pearl,Evil Geniuses,663,0.4,0.5168253968253969,0.31666666666666665
VCT 2025: Americas Stage 1,Group Stage,Week 5,Evil Geniuses vs LOUD,Pearl,LOUD,663,0.6,0.4763888888888889,0.45
VCT 2025: Americas Stage 1,Group Stage,Week 5,Evil Geniuses vs LOUD,Split,LOUD,664,0.6,0.48888888888888893,0.45
VCT 2025: Americas Stage 1,Group Stage,Week 5,Evil Geniuses vs LOUD,Split,Evil Geniuses,664,0.3,0.6034920634920635,0.25
VCT 2025: Americas Stage 1,Group Stage,Week 5,LEVIATÁN vs NRG,Fracture,LEVIATÁN,665,0.8,0.551078431372549,0.7166666666666666
VCT 2025: Americas Stage 1,Group Stage,Week 5,LEVIATÁN vs NRG,Fracture,Mega Minors,665,0.5,0.32651515151515154,0.39999999999999997
VCT 2025: Americas Stage 1,Group Stage,Week 5,LEVIATÁN vs NRG,Icebox,Mega Minors,666,0.6,0.2628787878787879,0.5333333333333333
VCT 2025: Americas Stage 1,Group Stage,Week 5,LEVIATÁN vs NRG,Icebox,LEVIATÁN,666,0.6,0.5260784313725491,0.5833333333333333
VCT 2025: Americas Stage 1,Playoffs,Upper Round 1,MIBR vs 100 Thieves,Split,100 Thieves,667,0.3,0.6526050420168067,0.3
VCT 2025: Americas Stage 1,Playoffs,Upper Round 1,MIBR vs 100 Thieves,Split,MIBR,667,0.6,0.6978077478077478,0.6499999999999999
VCT 2025: Americas Stage 1,Playoffs,Upper Round 1,MIBR vs 100 Thieves,Icebox,100 Thieves,668,0.3,0.606890756302521,0.3
VCT 2025: Americas Stage 1,Playoffs,Upper Round 1,MIBR vs 100 Thieves,Icebox,MIBR,668,0.7,0.6536901007489242,0.7833333333333333
VCT 2025: Americas Stage 1,Playoffs,Upper Round 1,Sentinels vs Cloud9,Ascent,Cloud9,669,0.6,0.6208029878618113,0.5333333333333334
VCT 2025: Americas Stage 1,Playoffs,Upper Round 1,Sentinels vs Cloud9,Ascent,Sentinels,669,0.6,0.6393506493506493,0.6333333333333334
VCT 2025: Americas Stage 1,Playoffs,Upper Round 1,Sentinels vs Cloud9,Pearl,Cloud9,670,0.6,0.5808029878618113,0.5666666666666667
VCT 2025: Americas Stage 1,Playoffs,Upper Round 1,Sentinels vs Cloud9,Pearl,Sentinels,670,0.6,0.6612554112554112,0.6333333333333333
VCT 2025: Americas Stage 1,Playoffs,Lower Round 1,100 Thieves vs NRG,Fracture,100 Thieves,671,0.3,0.49904761904761896,0.3
VCT 2025: Americas Stage 1,Playoffs,Lower Round 1,100 Thieves vs NRG,Fracture,Mega Minors,671,0.8,0.3462121212121212,0.7333333333333333
VCT 2025: Americas Stage 1,Playoffs,Lower Round 1,100 Thieves vs NRG,Haven,100 Thieves,672,0.5,0.4619047619047619,0.45
VCT 2025: Americas Stage 1,Playoffs,Lower Round 1,100 Thieves vs NRG,Haven,Mega Minors,672,0.7,0.3569264069264069,0.6666666666666666
VCT 2025: Americas Stage 1,Playoffs,Lower Round 1,Cloud9 vs Evil Geniuses,Fracture,Evil Geniuses,673,0.4,0.6408547008547009,0.3166666666666667
VCT 2025: Americas Stage 1,Playoffs,Lower Round 1,Cloud9 vs Evil Geniuses,Fracture,Cloud9,673,0.5,0.5196918767507002,0.4333333333333333
VCT 2025: Americas Stage 1,Playoffs,Lower Round 1,Cloud9 vs Evil Geniuses,Icebox,Cloud9,674,0.5,0.551437908496732,0.5
VCT 2025: Americas Stage 1,Playoffs,Lower Round 1,Cloud9 vs Evil Geniuses,Icebox,Evil Geniuses,674,0.4,0.6208547008547008,0.25
VCT 2025: Americas Stage 1,Playoffs,Upper Semifinals,KRÜ Esports vs MIBR,Lotus,KRÜ Esports,675,0.5,0.5072077922077922,0.3333333333333333
VCT 2025: Americas Stage 1,Playoffs,Upper Semifinals,KRÜ Esports vs MIBR,Lotus,MIBR,675,0.8,0.6277160747748983,0.8666666666666666
VCT 2025: Americas Stage 1,Playoffs,Upper Semifinals,KRÜ Esports vs MIBR,Icebox,KRÜ Esports,676,0.4,0.4269047619047619,0.2666666666666666
VCT 2025: Americas Stage 1,Playoffs,Upper Semifinals,KRÜ Esports vs MIBR,Icebox,MIBR,676,0.8,0.5499382969971205,0.8666666666666666
VCT 2025: Americas Stage 1,Playoffs,Upper Semifinals,G2 Esports vs Sentinels,Split,G2 Esports,677,0.5,0.5426406926406926,0.4666666666666666
VCT 2025: Americas Stage 1,Playoffs,Upper Semifinals,G2 Esports vs Sentinels,Split,Sentinels,677,0.6,0.6843323343323344,0.5999999999999999
VCT 2025: Americas Stage 1,Playoffs,Upper Semifinals,G2 Esports vs Sentinels,Icebox,G2 Esports,678,0.4,0.66991341991342,0.36666666666666664
VCT 2025: Americas Stage 1,Playoffs,Upper Semifinals,G2 Esports vs Sentinels,Icebox,Sentinels,678,0.6,0.5492673992673993,0.5333333333333333
VCT 2025: Americas Stage 1,Playoffs,Upper Semifinals,G2 Esports vs Sentinels,Ascent,Sentinels,679,0.5,0.4881562881562882,0.4666666666666666
VCT 2025: Americas Stage 1,Playoffs,Upper Semifinals,G2 Esports vs Sentinels,Ascent,G2 Esports,679,0.6,0.5893939393939394,0.5666666666666667
VCT 2025: Americas Stage 1,Playoffs,Lower Round 2,KRÜ Esports vs Evil Geniuses,Lotus,KRÜ Esports,680,0.4,0.4269047619047619,0.26666666666666666
VCT 2025: Americas Stage 1,Playoffs,Lower Round 2,KRÜ Esports vs Evil Geniuses,Lotus,Evil Geniuses,680,0.4,0.6302664655605833,0.25
VCT 2025: Americas Stage 1,Playoffs,Lower Round 2,KRÜ Esports vs Evil Geniuses,Icebox,KRÜ Esports,681,0.5,0.4185714285714285,0.4
VCT 2025: Americas Stage 1,Playoffs,Lower Round 2,KRÜ Esports vs Evil Geniuses,Icebox,Evil Geniuses,681,0.3,0.6454711439231564,0.2
VCT 2025: Americas Stage 1,Playoffs,Lower Round 2,G2 Esports vs 100 Thieves,Haven,100 Thieves,682,0.5,0.47619047619047616,0.45
VCT 2025: Americas Stage 1,Playoffs,Lower Round 2,G2 Esports vs 100 Thieves,Haven,G2 Esports,682,0.5,0.5393939393939394,0.5
VCT 2025: Americas Stage 1,Playoffs,Lower Round 2,G2 Esports vs 100 Thieves,Split,G2 Esports,683,0.6,0.6282828282828283,0.6
VCT 2025: Americas Stage 1,Playoffs,Lower Round 2,G2 Esports vs 100 Thieves,Split,100 Thieves,683,0.5,0.4961904761904762,0.3833333333333333
VCT 2025: Americas Stage 1,Playoffs,Lower Round 2,G2 Esports vs 100 Thieves,Pearl,G2 Esports,684,0.4,0.6440723019670388,0.39999999999999997
VCT 2025: Americas Stage 1,Playoffs,Lower Round 2,G2 Esports vs 100 Thieves,Pearl,100 Thieves,684,0.7,0.4742124542124542,0.5833333333333333
VCT 2025: Americas Stage 1,Playoffs,Upper Final,MIBR vs Sentinels,Lotus,MIBR,685,0.7,0.6128753599341834,0.7333333333333333
VCT 2025: Americas Stage 1,Playoffs,Upper Final,MIBR vs Sentinels,Lotus,Sentinels,685,0.5,0.5491086691086691,0.36666666666666664
VCT 2025: Americas Stage 1,Playoffs,Upper Final,MIBR vs Sentinels,Split,MIBR,686,0.7,0.5718497189085425,0.6666666666666666
VCT 2025: Americas Stage 1,Playoffs,Upper Final,MIBR vs Sentinels,Split,Sentinels,686,0.5,0.5491086691086691,0.29999999999999993
VCT 2025: Americas Stage 1,Playoffs,Lower Round 3,G2 Esports vs Evil Geniuses,Lotus,G2 Esports,687,0.4,0.5822541201488569,0.36666666666666664
VCT 2025: Americas Stage 1,Playoffs,Lower Round 3,G2 Esports vs Evil Geniuses,Lotus,Evil Geniuses,687,0.4,0.6540425724945849,0.25
VCT 2025: Americas Stage 1,Playoffs,Lower Round 3,G2 Esports vs Evil Geniuses,Split,Evil Geniuses,688,0.5,0.6540425724945849,0.3833333333333333
VCT 2025: Americas Stage 1,Playoffs,Lower Round 3,G2 Esports vs Evil Geniuses,Split,G2 Esports,688,0.2,0.6004359383306752,0.16666666666666666
VCT 2025: Americas Stage 1,Playoffs,Lower Round 3,G2 Esports vs Evil Geniuses,Pearl,Evil Geniuses,689,0.5,0.5573759058279182,0.4166666666666667
VCT 2025: Americas Stage 1,Playoffs,Lower Round 3,G2 Esports vs Evil Geniuses,Pearl,G2 Esports,689,0.3,0.6504359383306753,0.26666666666666666
VCT 2025: Americas Stage 1,Playoffs,Lower Final,MIBR vs G2 Esports,Haven,MIBR,690,0.6,0.542890442890443,0.6
VCT 2025: Americas Stage 1,Playoffs,Lower Final,MIBR vs G2 Esports,Haven,G2 Esports,690,0.3,0.633341921236658,0.21666666666666665
VCT 2025: Americas Stage 1,Playoffs,Lower Final,MIBR vs G2 Esports,Lotus,MIBR,691,0.7,0.47435897435897434,0.6666666666666666
VCT 2025: Americas Stage 1,Playoffs,Lower Final,MIBR vs G2 Esports,Lotus,G2 Esports,691,0.3,0.6252447552447552,0.21666666666666665
VCT 2025: Americas Stage 1,Playoffs,Lower Final,MIBR vs G2 Esports,Split,G2 Esports,692,0.3,0.6315605447184394,0.25
VCT 2025: Americas Stage 1,Playoffs,Lower Final,MIBR vs G2 Esports,Split,MIBR,692,0.6,0.4854700854700855,0.5333333333333333
VCT 2025: Americas Stage 1,Playoffs,Lower Final,MIBR vs G2 Esports,Ascent,G2 Esports,693,0.4,0.6446918578497527,0.31666666666666665
VCT 2025: Americas Stage 1,Playoffs,Lower Final,MIBR vs G2 Esports,Ascent,MIBR,693,0.6,0.40435120435120436,0.5333333333333333
VCT 2025: Americas Stage 1,Playoffs,Grand Final,Sentinels vs G2 Esports,Haven,G2 Esports,694,0.5,0.6058029689608636,0.41666666666666663
VCT 2025: Americas Stage 1,Playoffs,Grand Final,Sentinels vs G2 Esports,Haven,Sentinels,694,0.5,0.5688888888888889,0.3
VCT 2025: Americas Stage 1,Playoffs,Grand Final,Sentinels vs G2 Esports,Split,Sentinels,695,0.4,0.6546031746031746,0.2333333333333333
VCT 2025: Americas Stage 1,Playoffs,Grand Final,Sentinels vs G2 Esports,Split,G2 Esports,695,0.6,0.5873414304993252,0.5666666666666667
VCT 2025: Americas Stage 1,Playoffs,Grand Final,Sentinels vs G2 Esports,Pearl,G2 Esports,696,0.6,0.6334952766531714,0.6166666666666666
VCT 2025: Americas Stage 1,Playoffs,Grand Final,Sentinels vs G2 Esports,Pearl,Sentinels,696,0.6,0.6323809523809525,0.4333333333333333
VCT 2025: Americas Stage 1,Playoffs,Grand Final,Sentinels vs G2 Esports,Ascent,Sentinels,697,0.5,0.6087912087912088,0.4666666666666666
VCT 2025: Americas Stage 1,Playoffs,Grand Final,Sentinels vs G2 Esports,Ascent,G2 Esports,697,0.6,0.5994871794871794,0.5833333333333333
Valorant Masters Toronto 2025,Swiss Stage,Round 1,Team Heretics vs Paper Rex,Pearl,Team Heretics,698,0.6,0.5082142857142857,0.5333333333333332
Valorant Masters Toronto 2025,Swiss Stage,Round 1,Team Heretics vs Paper Rex,Pearl,Paper Rex,698,0.7,0.5774603174603176,0.5833333333333333
Valorant Masters Toronto 2025,Swiss Stage,Round 1,Team Heretics vs Paper Rex,Icebox,Paper Rex,699,0.7,0.5952380952380952,0.5833333333333333
Valorant Masters Toronto 2025,Swiss Stage,Round 1,Team Heretics vs Paper Rex,Icebox,Team Heretics,699,0.5,0.42321428571428577,0.4666666666666666
Valorant Masters Toronto 2025,Swiss Stage,Round 1,Bilibili Gaming vs Team Liquid,Icebox,Bilibili Gaming,700,,,
Valorant Masters Toronto 2025,Swiss Stage,Round 1,Bilibili Gaming vs Team Liquid,Icebox,Team Liquid,700,0.2,0.5411111111111111,0.11666666666666665
Valorant Masters Toronto 2025,Swiss Stage,Round 1,Bilibili Gaming vs Team Liquid,Haven,Team Liquid,701,0.2,0.5358823529411765,0.11666666666666665
Valorant Masters Toronto 2025,Swiss Stage,Round 1,Bilibili Gaming vs Team Liquid,Haven,Bilibili Gaming,701,1.0,0.6666666666666666,1.0
Valorant Masters Toronto 2025,Swiss Stage,Round 1,Bilibili Gaming vs Team Liquid,Sunset,Team Liquid,702,0.3,0.5078121775025799,0.25
Valorant Masters Toronto 2025,Swiss Stage,Round 1,Bilibili Gaming vs Team Liquid,Sunset,Bilibili Gaming,702,0.5,0.5942028985507246,0.5
Valorant Masters Toronto 2025,Swiss Stage,Round 1,Sentinels vs Wolves Esports,Split,Sentinels,703,0.4,0.5879120879120879,0.4
Valorant Masters Toronto 2025,Swiss Stage,Round 1,Sentinels vs Wolves Esports,Split,Wolves Esports,703,,,
Valorant Masters Toronto 2025,Swiss Stage,Round 1,Sentinels vs Wolves Esports,Lotus,Sentinels,704,0.4,0.5575549450549451,0.39999999999999997
Valorant Masters Toronto 2025,Swiss Stage,Round 1,Sentinels vs Wolves Esports,Lotus,Wolves Esports,704,0.5,0.25,0.3333333333333333
Valorant Masters Toronto 2025,Swiss Stage,Round 1,Gen.G vs MIBR,Sunset,Gen.G,705,0.5,0.511965811965812,0.4666666666666666
Valorant Masters Toronto 2025,Swiss Stage,Round 1,Gen.G vs MIBR,Sunset,MIBR,705,0.5,0.43768453768453774,0.4666666666666667
Valorant Masters Toronto 2025,Swiss Stage,Round 1,Gen.G vs MIBR,Haven,Gen.G,706,0.6,0.5286324786324786,0.6
Valorant Masters Toronto 2025,Swiss Stage,Round 1,Gen.G vs MIBR,Haven,MIBR,706,0.4,0.4464757464757465,0.3333333333333333
Valorant Masters Toronto 2025,Swiss Stage,Round 2 (1-0),Bilibili Gaming vs Sentinels,Icebox,Bilibili Gaming,707,0.5,0.6104209799861974,0.4444444444444444
Valorant Masters Toronto 2025,Swiss Stage,Round 2 (1-0),Bilibili Gaming vs Sentinels,Icebox,Sentinels,707,0.5,0.576602564102564,0.4666666666666666
Valorant Masters Toronto 2025,Swiss Stage,Round 2 (1-0),Bilibili Gaming vs Sentinels,Sunset,Sentinels,708,0.3,0.576602564102564,0.26666666666666666
Valorant Masters Toronto 2025,Swiss Stage,Round 2 (1-0),Bilibili Gaming vs Sentinels,Sunset,Bilibili Gaming,708,0.625,0.6006728778467909,0.5833333333333333
Valorant Masters Toronto 2025,Swiss Stage,Round 2 (1-0),Bilibili Gaming vs Sentinels,Lotus,Sentinels,709,0.3,0.603525641025641,0.2
Valorant Masters Toronto 2025,Swiss Stage,Round 2 (1-0),Bilibili Gaming vs Sentinels,Lotus,Bilibili Gaming,709,0.6,0.5091097308488612,0.5333333333333333
Valorant Masters Toronto 2025,Swiss Stage,Round 2 (1-0),Paper Rex vs Gen.G,Ascent,Paper Rex,710,0.8,0.6230769230769231,0.7166666666666666
Valorant Masters Toronto 2025,Swiss Stage,Round 2 (1-0),Paper Rex vs Gen.G,Ascent,Gen.G,710,0.7,0.6055555555555555,0.6666666666666666
Valorant Masters Toronto 2025,Swiss Stage,Round 2 (1-0),Paper Rex vs Gen.G,Icebox,Gen.G,711,0.9,0.5758119658119658,0.8666666666666666
Valorant Masters Toronto 2025,Swiss Stage,Round 2 (1-0),Paper Rex vs Gen.G,Icebox,Paper Rex,711,0.7,0.6264102564102563,0.6666666666666666
Valorant Masters Toronto 2025,Swiss Stage,Round 2 (0-1),Team Heretics vs Wolves Esports,Pearl,Team Heretics,712,0.3,0.3917857142857143,0.2666666666666666
Valorant Masters Toronto 2025,Swiss Stage,Round 2 (0-1),Team Heretics vs Wolves Esports,Pearl,Wolves Esports,712,0.5,0.29166666666666663,0.5
Valorant Masters Toronto 2025,Swiss Stage,Round 2 (0-1),Team Heretics vs Wolves Esports,Lotus,Team Heretics,713,0.3,0.4226680672268907,0.3166666666666666
Valorant Masters Toronto 2025,Swiss Stage,Round 2 (0-1),Team Heretics vs Wolves Esports,Lotus,Wolves Esports,713,0.6666666666666666,0.37626262626262624,0.5
Valorant Masters Toronto 2025,Swiss Stage,Round 2 (0-1),Team Liquid vs MIBR,Icebox,Team Liquid,714,0.4,0.4667865364769389,0.31666666666666665
Valorant Masters Toronto 2025,Swiss Stage,Round 2 (0-1),Team Liquid vs MIBR,Icebox,MIBR,714,0.2,0.4362193362193362,0.13333333333333333
Valorant Masters Toronto 2025,Swiss Stage,Round 2 (0-1),Team Liquid vs MIBR,Sunset,Team Liquid,715,0.5,0.516786536476939,0.4666666666666666
Valorant Masters Toronto 2025,Swiss Stage,Round 2 (0-1),Team Liquid vs MIBR,Sunset,MIBR,715,0.1,0.41601731601731606,0.06666666666666667
Valorant Masters Toronto 2025,Swiss Stage,Round 3 (1-1),Bilibili Gaming vs Wolves Esports,Split,Bilibili Gaming,716,0.4,0.47577639751552797,0.3833333333333333
Valorant Masters Toronto 2025,Swiss Stage,Round 3 (1-1),Bilibili Gaming vs Wolves Esports,Split,Wolves Esports,716,0.625,0.44886363636363635,0.4583333333333333
Valorant Masters Toronto 2025,Swiss Stage,Round 3 (1-1),Bilibili Gaming vs Wolves Esports,Ascent,Wolves Esports,717,0.5,0.4924242424242424,0.36666666666666664
Valorant Masters Toronto 2025,Swiss Stage,Round 3 (1-1),Bilibili Gaming vs Wolves Esports,Ascent,Bilibili Gaming,717,0.6,0.45476190476190476,0.5833333333333333
Valorant Masters Toronto 2025,Swiss Stage,Round 3 (1-1),Paper Rex vs Team Liquid,Split,Team Liquid,718,0.7,0.5458774455678481,0.6666666666666666
Valorant Masters Toronto 2025,Swiss Stage,Round 3 (1-1),Paper Rex vs Team Liquid,Split,Paper Rex,718,0.5,0.5565689865689866,0.4666666666666666
Valorant Masters Toronto 2025,Swiss Stage,Round 3 (1-1),Paper Rex vs Team Liquid,Sunset,Team Liquid,719,0.9,0.5274950926266715,0.8666666666666666
Valorant Masters Toronto 2025,Swiss Stage,Round 3 (1-1),Paper Rex vs Team Liquid,Sunset,Paper Rex,719,0.4,0.6165689865689865,0.3999999999999999
Valorant Masters Toronto 2025,Swiss Stage,Round 3 (1-1),Paper Rex vs Team Liquid,Lotus,Team Liquid,720,0.8,0.4972319347319347,0.7333333333333333
Valorant Masters Toronto 2025,Swiss Stage,Round 3 (1-1),Paper Rex vs Team Liquid,Lotus,Paper Rex,720,0.3,0.5926373626373627,0.26666666666666655
Valorant Masters Toronto 2025,Playoffs,Upper Quarterfinals,G2 Esports vs Paper Rex,Split,G2 Esports,721,0.7,0.6105982905982905,0.7166666666666666
Valorant Masters Toronto 2025,Playoffs,Upper Quarterfinals,G2 Esports vs Paper Rex,Split,Paper Rex,721,0.2,0.6028937728937729,0.13333333333333325
Valorant Masters Toronto 2025,Playoffs,Upper Quarterfinals,G2 Esports vs Paper Rex,Lotus,G2 Esports,722,0.7,0.5828205128205128,0.7166666666666666
Valorant Masters Toronto 2025,Playoffs,Upper Quarterfinals,G2 Esports vs Paper Rex,Lotus,Paper Rex,722,0.2,0.6328937728937729,0.13333333333333325
Valorant Masters Toronto 2025,Playoffs,Upper Quarterfinals,Xi Lai Gaming vs Sentinels,Sunset,Xi Lai Gaming,723,,,
Valorant Masters Toronto 2025,Playoffs,Upper Quarterfinals,Xi Lai Gaming vs Sentinels,Sunset,Sentinels,723,0.5,0.6049242424242424,0.3333333333333333
Valorant Masters Toronto 2025,Playoffs,Upper Quarterfinals,Xi Lai Gaming vs Sentinels,Lotus,Xi Lai Gaming,724,0.5,0.2857142857142857,0.3333333333333333
Valorant Masters Toronto 2025,Playoffs,Upper Quarterfinals,Xi Lai Gaming vs Sentinels,Lotus,Sentinels,724,0.5,0.6495670995670995,0.3333333333333333
Valorant Masters Toronto 2025,Playoffs,Upper Quarterfinals,Rex Regum Qeon vs Wolves Esports,Ascent,Rex Regum Qeon,725,0.5,0.5797771672771673,0.37333333333333335
Valorant Masters Toronto 2025,Playoffs,Upper Quarterfinals,Rex Regum Qeon vs Wolves Esports,Ascent,Wolves Esports,725,0.6,0.5824242424242424,0.4333333333333333
Valorant Masters Toronto 2025,Playoffs,Upper Quarterfinals,Rex Regum Qeon vs Wolves Esports,Icebox,Wolves Esports,726,0.7,0.6234498834498834,0.4333333333333333
Valorant Masters Toronto 2025,Playoffs,Upper Quarterfinals,Rex Regum Qeon vs Wolves Esports,Icebox,Rex Regum Qeon,726,0.4,0.5589626876391582,0.30666666666666664
Valorant Masters Toronto 2025,Playoffs,Upper Quarterfinals,FNATIC vs Gen.G,Haven,Gen.G,727,1.0,0.6535897435897435,1.0
Valorant Masters Toronto 2025,Playoffs,Upper Quarterfinals,FNATIC vs Gen.G,Haven,FNATIC,727,0.6,0.6704545454545455,0.5333333333333333
Valorant Masters Toronto 2025,Playoffs,Upper Quarterfinals,FNATIC vs Gen.G,Split,Gen.G,728,1.0,0.686923076923077,1.0
Valorant Masters Toronto 2025,Playoffs,Upper Quarterfinals,FNATIC vs Gen.G,Split,FNATIC,728,0.4,0.6571212121212121,0.3333333333333333
Valorant Masters Toronto 2025,Playoffs,Upper Quarterfinals,FNATIC vs Gen.G,Sunset,Gen.G,729,0.9,0.648034188034188,0.8666666666666666
Valorant Masters Toronto 2025,Playoffs,Upper Quarterfinals,FNATIC vs Gen.G,Sunset,FNATIC,729,0.4,0.6510606060606061,0.31666666666666665
Valorant Masters Toronto 2025,Playoffs,Lower Round 1,Xi Lai Gaming vs G2 Esports,Icebox,Xi Lai Gaming,730,0.5,0.2857142857142857,0.3333333333333333
Valorant Masters Toronto 2025,Playoffs,Lower Round 1,Xi Lai Gaming vs G2 Esports,Icebox,G2 Esports,730,0.5,0.5551282051282052,0.5166666666666666
Valorant Masters Toronto 2025,Playoffs,Lower Round 1,Xi Lai Gaming vs G2 Esports,Haven,G2 Esports,731,0.6,0.5812820512820513,0.5666666666666667
Valorant Masters Toronto 2025,Playoffs,Lower Round 1,Xi Lai Gaming vs G2 Esports,Haven,Xi Lai Gaming,731,0.5,0.3238095238095238,0.3055555555555555
Valorant Masters Toronto 2025,Playoffs,Lower Round 1,Rex Regum Qeon vs FNATIC,Lotus,Rex Regum Qeon,732,0.4,0.5523692810457517,0.30666666666666664
Valorant Masters Toronto 2025,Playoffs,Lower Round 1,Rex Regum Qeon vs FNATIC,Lotus,FNATIC,732,0.4,0.5341774891774891,0.31666666666666665
Valorant Masters Toronto 2025,Playoffs,Lower Round 1,Rex Regum Qeon vs FNATIC,Haven,Rex Regum Qeon,733,0.3,0.47320261437908495,0.3066666666666667
Valorant Masters Toronto 2025,Playoffs,Lower Round 1,Rex Regum Qeon vs FNATIC,Haven,FNATIC,733,0.4,0.5758441558441558,0.31666666666666665
Valorant Masters Toronto 2025,Playoffs,Lower Round 1,Rex Regum Qeon vs FNATIC,Ascent,FNATIC,734,0.5,0.518066378066378,0.3833333333333333
Valorant Masters Toronto 2025,Playoffs,Lower Round 1,Rex Regum Qeon vs FNATIC,Ascent,Rex Regum Qeon,734,0.3,0.5255835667600374,0.29000000000000004
Valorant Masters Toronto 2025,Playoffs,Upper Semifinals,Wolves Esports vs Gen.G,Split,Gen.G,735,0.7,0.5947008547008548,0.7333333333333333
Valorant Masters Toronto 2025,Playoffs,Upper Semifinals,Wolves Esports vs Gen.G,Split,Wolves Esports,735,0.6,0.6835897435897434,0.3833333333333333
Valorant Masters Toronto 2025,Playoffs,Upper Semifinals,Wolves Esports vs Gen.G,Sunset,Gen.G,736,0.6,0.6177777777777778,0.6333333333333333
Valorant Masters Toronto 2025,Playoffs,Upper Semifinals,Wolves Esports vs Gen.G,Sunset,Wolves Esports,736,0.6,0.6788278388278388,0.3666666666666666
Valorant Masters Toronto 2025,Playoffs,Upper Semifinals,Sentinels vs Paper Rex,Split,Sentinels,737,0.5,0.6700799200799201,0.3333333333333333
Valorant Masters Toronto 2025,Playoffs,Upper Semifinals,Sentinels vs Paper Rex,Split,Paper Rex,737,0.4,0.6241025641025642,0.26666666666666655
Valorant Masters Toronto 2025,Playoffs,Upper Semifinals,Sentinels vs Paper Rex,Sunset,Paper Rex,738,0.6,0.656959706959707,0.4666666666666666
Valorant Masters Toronto 2025,Playoffs,Upper Semifinals,Sentinels vs Paper Rex,Sunset,Sentinels,738,0.5,0.5986513486513487,0.3333333333333333
Valorant Masters Toronto 2025,Playoffs,Lower Round 2,Gen.G vs G2 Esports,Lotus,Gen.G,739,0.5,0.5368253968253968,0.5666666666666667
Valorant Masters Toronto 2025,Playoffs,Lower Round 2,Gen.G vs G2 Esports,Lotus,G2 Esports,739,0.6,0.6274358974358974,0.5666666666666667
Valorant Masters Toronto 2025,Playoffs,Lower Round 2,Gen.G vs G2 Esports,Haven,Gen.G,740,0.4,0.5234920634920635,0.4333333333333333
Valorant Masters Toronto 2025,Playoffs,Lower Round 2,Gen.G vs G2 Esports,Haven,G2 Esports,740,0.5,0.647948717948718,0.4333333333333333
Valorant Masters Toronto 2025,Playoffs,Lower Round 2,Gen.G vs G2 Esports,Icebox,Gen.G,741,0.5,0.52007326007326,0.5666666666666667
Valorant Masters Toronto 2025,Playoffs,Lower Round 2,Gen.G vs G2 Esports,Icebox,G2 Esports,741,0.3,0.6723076923076923,0.2333333333333333
Valorant Masters Toronto 2025,Playoffs,Lower Round 2,Sentinels vs FNATIC,Sunset,Sentinels,742,0.5,0.5255744255744256,0.3333333333333333
Valorant Masters Toronto 2025,Playoffs,Lower Round 2,Sentinels vs FNATIC,Sunset,FNATIC,742,0.6,0.5780663780663781,0.45
Valorant Masters Toronto 2025,Playoffs,Lower Round 2,Sentinels vs FNATIC,Ascent,FNATIC,743,0.5,0.5174603174603175,0.4
Valorant Masters Toronto 2025,Playoffs,Lower Round 2,Sentinels vs FNATIC,Ascent,Sentinels,743,0.5,0.49340659340659343,0.4
Valorant Masters Toronto 2025,Playoffs,Lower Round 2,Sentinels vs FNATIC,Icebox,FNATIC,744,0.5,0.6055555555555555,0.4
Valorant Masters Toronto 2025,Playoffs,Lower Round 2,Sentinels vs FNATIC,Icebox,Sentinels,744,0.4,0.4131868131868132,0.33333333333333337
Valorant Masters Toronto 2025,Playoffs,Upper Final,Paper Rex vs Wolves Esports,Lotus,Paper Rex,745,0.6,0.6253357753357753,0.4666666666666666
Valorant Masters Toronto 2025,Playoffs,Upper Final,Paper Rex vs Wolves Esports,Lotus,Wolves Esports,745,0.7,0.6839560439560439,0.4666666666666666
Valorant Masters Toronto 2025,Playoffs,Upper Final,Paper Rex vs Wolves Esports,Ascent,Wolves Esports,746,0.6,0.643956043956044,0.39999999999999997
Valorant Masters Toronto 2025,Playoffs,Upper Final,Paper Rex vs Wolves Esports,Ascent,Paper Rex,746,0.6,0.6142246642246643,0.4666666666666665
Valorant Masters Toronto 2025,Playoffs,Lower Round 3,G2 Esports vs FNATIC,Lotus,G2 Esports,747,0.3,0.7266666666666667,0.2333333333333333
Valorant Masters Toronto 2025,Playoffs,Lower Round 3,G2 Esports vs FNATIC,Lotus,FNATIC,747,0.5,0.5455555555555556,0.4333333333333334
Valorant Masters Toronto 2025,Playoffs,Lower Round 3,G2 Esports vs FNATIC,Split,FNATIC,748,0.6,0.5657575757575757,0.5666666666666667
Valorant Masters Toronto 2025,Playoffs,Lower Round 3,G2 Esports vs FNATIC,Split,G2 Esports,748,0.2,0.68,0.13333333333333333
Valorant Masters Toronto 2025,Playoffs,Lower Final,Wolves Esports vs FNATIC,Split,Wolves Esports,749,0.5,0.6285714285714286,0.33333333333333326
Valorant Masters Toronto 2025,Playoffs,Lower Final,Wolves Esports vs FNATIC,Split,FNATIC,749,0.5,0.5115909090909091,0.55
Valorant Masters Toronto 2025,Playoffs,Lower Final,Wolves Esports vs FNATIC,Icebox,Wolves Esports,750,0.5,0.5362637362637362,0.35
Valorant Masters Toronto 2025,Playoffs,Lower Final,Wolves Esports vs FNATIC,Icebox,FNATIC,750,0.6,0.5782575757575757,0.6166666666666667
Valorant Masters Toronto 2025,Playoffs,Lower Final,Wolves Esports vs FNATIC,Lotus,FNATIC,751,0.5,0.6282575757575757,0.55
Valorant Masters Toronto 2025,Playoffs,Lower Final,Wolves Esports vs FNATIC,Lotus,Wolves Esports,751,0.5,0.4648351648351648,0.3499999999999999
Valorant Masters Toronto 2025,Playoffs,Lower Final,Wolves Esports vs FNATIC,Ascent,Wolves Esports,752,0.4,0.4793148028442147,0.24999999999999992
Valorant Masters Toronto 2025,Playoffs,Lower Final,Wolves Esports vs FNATIC,Ascent,FNATIC,752,0.6,0.6015909090909091,0.5833333333333333
Valorant Masters Toronto 2025,Playoffs,Grand Final,Paper Rex vs FNATIC,Sunset,FNATIC,753,0.5,0.6379545454545454,0.45
Valorant Masters Toronto 2025,Playoffs,Grand Final,Paper Rex vs FNATIC,Sunset,Paper Rex,753,0.7,0.5975579975579975,0.5333333333333332
Valorant Masters Toronto 2025,Playoffs,Grand Final,Paper Rex vs FNATIC,Icebox,Paper Rex,754,0.5,0.6735760971055089,0.3999999999999999
Valorant Masters Toronto 2025,Playoffs,Grand Final,Paper Rex vs FNATIC,Icebox,FNATIC,754,0.7,0.6023776223776224,0.6
Valorant Masters Toronto 2025,Playoffs,Grand Final,Paper Rex vs FNATIC,Pearl,Paper Rex,755,0.4,0.639809863339275,0.26666666666666655
Valorant Masters Toronto 2025,Playoffs,Grand Final,Paper Rex vs FNATIC,Pearl,FNATIC,755,0.7,0.5890442890442891,0.6
Valorant Masters Toronto 2025,Playoffs,Grand Final,Paper Rex vs FNATIC,Lotus,Paper Rex,756,0.3,0.6620320855614973,0.1999999999999999
Valorant Masters Toronto 2025,Playoffs,Grand Final,Paper Rex vs FNATIC,Lotus,FNATIC,756,0.8,0.5057109557109557,0.6666666666666666
VCT 2025: Americas Stage 2,Group Stage,Week 1,Cloud9 vs FURIA,Haven,Cloud9,757,0.4,0.5055555555555555,0.36666666666666664
VCT 2025: Americas Stage 2,Group Stage,Week 1,Cloud9 vs FURIA,Haven,FURIA,757,0.2,0.4523809523809524,0.13333333333333333
VCT 2025: Americas Stage 2,Group Stage,Week 1,Cloud9 vs FURIA,Bind,Cloud9,758,0.5,0.5330065359477124,0.4666666666666666
VCT 2025: Americas Stage 2,Group Stage,Week 1,Cloud9 vs FURIA,Bind,FURIA,758,0.2,0.38095238095238093,0.11666666666666665
VCT 2025: Americas Stage 2,Group Stage,Week 1,LEVIATÁN vs LOUD,Bind,LOUD,759,0.6,0.4822222222222222,0.4666666666666667
VCT 2025: Americas Stage 2,Group Stage,Week 1,LEVIATÁN vs LOUD,Bind,LEVIATÁN,759,0.4,0.506078431372549,0.3833333333333333
VCT 2025: Americas Stage 2,Group Stage,Week 1,LEVIATÁN vs LOUD,Ascent,LEVIATÁN,760,0.4,0.5127450980392156,0.45
VCT 2025: Americas Stage 2,Group Stage,Week 1,LEVIATÁN vs LOUD,Ascent,LOUD,760,0.5,0.45999999999999996,0.45
VCT 2025: Americas Stage 2,Group Stage,Week 1,LEVIATÁN vs LOUD,Icebox,LOUD,761,0.6,0.5076190476190476,0.5833333333333334
VCT 2025: Americas Stage 2,Group Stage,Week 1,LEVIATÁN vs LOUD,Icebox,LEVIATÁN,761,0.4,0.49000000000000005,0.4
VCT 2025: Americas Stage 2,Group Stage,Week 1,Evil Geniuses vs 2Game Esports,Sunset,Evil Geniuses,762,0.5,0.5446308077887025,0.4
VCT 2025: Americas Stage 2,Group Stage,Week 1,Evil Geniuses vs 2Game Esports,Sunset,2Game Esports,762,0.5,0.3283333333333333,0.4666666666666667
VCT 2025: Americas Stage 2,Group Stage,Week 1,Evil Geniuses vs 2Game Esports,Lotus,2Game Esports,763,0.5,0.3902380952380953,0.4666666666666666
VCT 2025: Americas Stage 2,Group Stage,Week 1,Evil Geniuses vs 2Game Esports,Lotus,Evil Geniuses,763,0.6,0.44331501831501835,0.45
VCT 2025: Americas Stage 2,Group Stage,Week 1,Evil Geniuses vs 2Game Esports,Ascent,2Game Esports,764,0.4,0.41452380952380957,0.3333333333333333
VCT 2025: Americas Stage 2,Group Stage,Week 1,Evil Geniuses vs 2Game Esports,Ascent,Evil Geniuses,764,0.7,0.39474358974358975,0.6
VCT 2025: Americas Stage 2,Group Stage,Week 1,MIBR vs KRÜ Esports,Corrode,KRÜ Esports,765,0.5,0.4261904761904762,0.4
VCT 2025: Americas Stage 2,Group Stage,Week 1,MIBR vs KRÜ Esports,Corrode,MIBR,765,0.0,0.4321789321789321,0.0
VCT 2025: Americas Stage 2,Group Stage,Week 1,MIBR vs KRÜ Esports,Ascent,KRÜ Esports,766,0.4,0.41761904761904767,0.3333333333333333
VCT 2025: Americas Stage 2,Group Stage,Week 1,MIBR vs KRÜ Esports,Ascent,MIBR,766,0.2,0.4321789321789321,0.2
VCT 2025: Americas Stage 2,Group Stage,Week 1,MIBR vs KRÜ Esports,Haven,KRÜ Esports,767,0.6,0.512063492063492,0.5333333333333333
VCT 2025: Americas Stage 2,Group Stage,Week 1,MIBR vs KRÜ Esports,Haven,MIBR,767,0.2,0.38646464646464646,0.2
VCT 2025: Americas Stage 2,Group Stage,Week 1,100 Thieves vs NRG,Bind,Mega Minors,768,0.7,0.4023809523809524,0.6666666666666667
VCT 2025: Americas Stage 2,Group Stage,Week 1,100 Thieves vs NRG,Bind,100 Thieves,768,0.7,0.5456410256410257,0.6
VCT 2025: Americas Stage 2,Group Stage,Week 1,100 Thieves vs NRG,Sunset,100 Thieves,769,0.6,0.5542124542124542,0.4666666666666666
VCT 2025: Americas Stage 2,Group Stage,Week 1,100 Thieves vs NRG,Sunset,Mega Minors,769,0.6,0.4957142857142857,0.5333333333333332
VCT 2025: Americas Stage 2,Group Stage,Week 1,Sentinels vs G2 Esports,Corrode,Sentinels,770,0.4,0.3393406593406594,0.33333333333333337
VCT 2025: Americas Stage 2,Group Stage,Week 1,Sentinels vs G2 Esports,Corrode,G2 Esports,770,0.3,0.5960839160839161,0.26666666666666666
VCT 2025: Americas Stage 2,Group Stage,Week 1,Sentinels vs G2 Esports,Ascent,G2 Esports,771,0.3,0.5331468531468532,0.25
VCT 2025: Americas Stage 2,Group Stage,Week 1,Sentinels vs G2 Esports,Ascent,Sentinels,771,0.5,0.4607692307692307,0.4
VCT 2025: Americas Stage 2,Group Stage,Week 1,Sentinels vs G2 Esports,Lotus,G2 Esports,772,0.5,0.5527272727272726,0.45
VCT 2025: Americas Stage 2,Group Stage,Week 1,Sentinels vs G2 Esports,Lotus,Sentinels,772,0.4,0.4638461538461539,0.3333333333333333
VCT 2025: Americas Stage 2,Group Stage,Week 2,2Game Esports vs G2 Esports,Ascent,2Game Esports,773,0.4,0.44406926406926406,0.3333333333333333
VCT 2025: Americas Stage 2,Group Stage,Week 2,2Game Esports vs G2 Esports,Ascent,G2 Esports,773,0.7,0.4727272727272728,0.65
VCT 2025: Americas Stage 2,Group Stage,Week 2,2Game Esports vs G2 Esports,Haven,2Game Esports,774,0.4,0.47740259740259744,0.3333333333333333
VCT 2025: Americas Stage 2,Group Stage,Week 2,2Game Esports vs G2 Esports,Haven,G2 Esports,774,0.8,0.45939393939393935,0.75
VCT 2025: Americas Stage 2,Group Stage,Week 2,FURIA vs Sentinels,Sunset,Sentinels,775,0.2,0.5237651821862348,0.13333333333333333
VCT 2025: Americas Stage 2,Group Stage,Week 2,FURIA vs Sentinels,Sunset,FURIA,775,0.2,0.41428571428571426,0.11666666666666665
VCT 2025: Americas Stage 2,Group Stage,Week 2,FURIA vs Sentinels,Icebox,Sentinels,776,0.3,0.6468421052631579,0.2
VCT 2025: Americas Stage 2,Group Stage,Week 2,FURIA vs Sentinels,Icebox,FURIA,776,0.3,0.32857142857142857,0.21666666666666665
VCT 2025: Americas Stage 2,Group Stage,Week 2,100 Thieves vs KRÜ Esports,Corrode,KRÜ Esports,777,0.7,0.5710378510378511,0.6666666666666667
VCT 2025: Americas Stage 2,Group Stage,Week 2,100 Thieves vs KRÜ Esports,Corrode,100 Thieves,777,0.6,0.5892773892773893,0.4666666666666666
VCT 2025: Americas Stage 2,Group Stage,Week 2,100 Thieves vs KRÜ Esports,Bind,KRÜ Esports,778,0.6,0.5543711843711844,0.5333333333333333
VCT 2025: Americas Stage 2,Group Stage,Week 2,100 Thieves vs KRÜ Esports,Bind,100 Thieves,778,0.6,0.655944055944056,0.4666666666666666
VCT 2025: Americas Stage 2,Group Stage,Week 2,NRG vs LOUD,Haven,Mega Minors,779,0.5,0.46238095238095234,0.39999999999999997
VCT 2025: Americas Stage 2,Group Stage,Week 2,NRG vs LOUD,Haven,LOUD,779,0.5,0.52453081232493,0.5666666666666667
VCT 2025: Americas Stage 2,Group Stage,Week 2,NRG vs LOUD,Corrode,Mega Minors,780,0.4,0.5093506493506494,0.2666666666666666
VCT 2025: Americas Stage 2,Group Stage,Week 2,NRG vs LOUD,Corrode,LOUD,780,0.4,0.47036414565826334,0.4333333333333333
VCT 2025: Americas Stage 2,Group Stage,Week 2,Cloud9 vs Evil Geniuses,Lotus,Cloud9,781,0.6,0.5830065359477123,0.5666666666666667
VCT 2025: Americas Stage 2,Group Stage,Week 2,Cloud9 vs Evil Geniuses,Lotus,Evil Geniuses,781,0.5,0.4050000000000001,0.4
VCT 2025: Americas Stage 2,Group Stage,Week 2,Cloud9 vs Evil Geniuses,Haven,Evil Geniuses,782,0.5,0.4121428571428572,0.4
VCT 2025: Americas Stage 2,Group Stage,Week 2,Cloud9 vs Evil Geniuses,Haven,Cloud9,782,0.6,0.6355706385118148,0.55
VCT 2025: Americas Stage 2,Group Stage,Week 2,MIBR vs LEVIATÁN,Lotus,LEVIATÁN,783,0.4,0.49192307692307696,0.4
VCT 2025: Americas Stage 2,Group Stage,Week 2,MIBR vs LEVIATÁN,Lotus,MIBR,783,0.2,0.4107070707070707,0.2
VCT 2025: Americas Stage 2,Group Stage,Week 2,MIBR vs LEVIATÁN,Sunset,MIBR,784,0.3,0.4107070707070707,0.26666666666666666
VCT 2025: Americas Stage 2,Group Stage,Week 2,MIBR vs LEVIATÁN,Sunset,LEVIATÁN,784,0.5,0.5121611721611721,0.4666666666666667
VCT 2025: Americas Stage 2,Group Stage,Week 3,2Game Esports vs FURIA,Corrode,2Game Esports,785,0.4,0.4974025974025974,0.3333333333333333
VCT 2025: Americas Stage 2,Group Stage,Week 3,2Game Esports vs FURIA,Corrode,FURIA,785,0.3,0.1619047619047619,0.21666666666666665
VCT 2025: Americas Stage 2,Group Stage,Week 3,2Game Esports vs FURIA,Sunset,FURIA,786,0.2,0.19523809523809524,0.2
VCT 2025: Americas Stage 2,Group Stage,Week 3,2Game Esports vs FURIA,Sunset,2Game Esports,786,0.5,0.4488311688311688,0.4666666666666666
VCT 2025: Americas Stage 2,Group Stage,Week 3,2Game Esports vs FURIA,Ascent,2Game Esports,787,0.6,0.5163636363636364,0.5333333333333333
VCT 2025: Americas Stage 2,Group Stage,Week 3,2Game Esports vs FURIA,Ascent,FURIA,787,0.2,0.21666666666666665,0.21666666666666665
VCT 2025: Americas Stage 2,Group Stage,Week 3,LEVIATÁN vs NRG,Lotus,Mega Minors,788,0.4,0.5648128342245989,0.2666666666666666
VCT 2025: Americas Stage 2,Group Stage,Week 3,LEVIATÁN vs NRG,Lotus,LEVIATÁN,788,0.7,0.5721611721611721,0.6666666666666666
VCT 2025: Americas Stage 2,Group Stage,Week 3,LEVIATÁN vs NRG,Haven,Mega Minors,789,0.4,0.6076699770817419,0.2666666666666666
VCT 2025: Americas Stage 2,Group Stage,Week 3,LEVIATÁN vs NRG,Haven,LEVIATÁN,789,0.6,0.5448884448884449,0.5166666666666666
VCT 2025: Americas Stage 2,Group Stage,Week 3,LEVIATÁN vs NRG,Icebox,Mega Minors,790,0.4,0.5976699770817417,0.2666666666666666
VCT 2025: Americas Stage 2,Group Stage,Week 3,LEVIATÁN vs NRG,Icebox,LEVIATÁN,790,0.7,0.5493328893328894,0.5833333333333333
VCT 2025: Americas Stage 2,Group Stage,Week 3,Sentinels vs Cloud9,Lotus,Cloud9,791,0.5,0.6716817496229261,0.41666666666666663
VCT 2025: Americas Stage 2,Group Stage,Week 3,Sentinels vs Cloud9,Lotus,Sentinels,791,0.4,0.766842105263158,0.33333333333333337
VCT 2025: Americas Stage 2,Group Stage,Week 3,Sentinels vs Cloud9,Haven,Cloud9,792,0.5,0.6442307692307692,0.45
VCT 2025: Americas Stage 2,Group Stage,Week 3,Sentinels vs Cloud9,Haven,Sentinels,792,0.4,0.7835087719298246,0.3666666666666667
VCT 2025: Americas Stage 2,Group Stage,Week 3,MIBR vs 100 Thieves,Icebox,100 Thieves,793,0.5,0.7207792207792207,0.3333333333333333
VCT 2025: Americas Stage 2,Group Stage,Week 3,MIBR vs 100 Thieves,Icebox,MIBR,793,0.3,0.37896103896103894,0.26666666666666666
VCT 2025: Americas Stage 2,Group Stage,Week 3,MIBR vs 100 Thieves,Bind,100 Thieves,794,0.4,0.7083250083250083,0.2666666666666666
VCT 2025: Americas Stage 2,Group Stage,Week 3,MIBR vs 100 Thieves,Bind,MIBR,794,0.3,0.4174225774225774,0.2
VCT 2025: Americas Stage 2,Group Stage,Week 3,G2 Esports vs Evil Geniuses,Corrode,Evil Geniuses,795,0.6,0.3669047619047619,0.4833333333333333
VCT 2025: Americas Stage 2,Group Stage,Week 3,G2 Esports vs Evil Geniuses,Corrode,G2 Esports,795,0.8,0.5503030303030304,0.75
VCT 2025: Americas Stage 2,Group Stage,Week 3,G2 Esports vs Evil Geniuses,Haven,Evil Geniuses,796,0.6,0.45619047619047615,0.5
VCT 2025: Americas Stage 2,Group Stage,Week 3,G2 Esports vs Evil Geniuses,Haven,G2 Esports,796,0.8,0.5660606060606062,0.7666666666666667
VCT 2025: Americas Stage 2,Group Stage,Week 3,G2 Esports vs Evil Geniuses,Ascent,Evil Geniuses,797,0.6,0.4161904761904762,0.5
VCT 2025: Americas Stage 2,Group Stage,Week 3,G2 Esports vs Evil Geniuses,Ascent,G2 Esports,797,0.6,0.6221212121212122,0.6166666666666667
VCT 2025: Americas Stage 2,Group Stage,Week 3,LOUD vs KRÜ Esports,Haven,KRÜ Esports,798,0.6,0.4900854700854701,0.5333333333333333
VCT 2025: Americas Stage 2,Group Stage,Week 3,LOUD vs KRÜ Esports,Haven,LOUD,798,0.5,0.4570308123249299,0.5666666666666667
VCT 2025: Americas Stage 2,Group Stage,Week 3,LOUD vs KRÜ Esports,Bind,LOUD,799,0.5,0.4570308123249299,0.5166666666666666
VCT 2025: Americas Stage 2,Group Stage,Week 3,LOUD vs KRÜ Esports,Bind,KRÜ Esports,799,0.8,0.4931623931623932,0.7333333333333333
VCT 2025: Americas Stage 2,Group Stage,Week 3,LOUD vs KRÜ Esports,Ascent,LOUD,800,0.5,0.45043740573152335,0.5166666666666666
VCT 2025: Americas Stage 2,Group Stage,Week 3,LOUD vs KRÜ Esports,Ascent,KRÜ Esports,800,0.6,0.4042735042735043,0.5333333333333333
VCT 2025: Americas Stage 2,Group Stage,Week 4,Cloud9 vs 2Game Esports,Bind,Cloud9,801,0.4,0.619988344988345,0.35
VCT 2025: Americas Stage 2,Group Stage,Week 4,Cloud9 vs 2Game Esports,Bind,2Game Esports,801,0.6,0.636818181818182,0.5333333333333332
VCT 2025: Americas Stage 2,Group Stage,Week 4,Cloud9 vs 2Game Esports,Lotus,Cloud9,802,0.4,0.6477661227661227,0.35
VCT 2025: Americas Stage 2,Group Stage,Week 4,Cloud9 vs 2Game Esports,Lotus,2Game Esports,802,0.5,0.5768181818181819,0.4666666666666666
VCT 2025: Americas Stage 2,Group Stage,Week 4,MIBR vs NRG,Lotus,Mega Minors,803,0.4,0.6452890247007894,0.2666666666666666
VCT 2025: Americas Stage 2,Group Stage,Week 4,MIBR vs NRG,Lotus,MIBR,803,0.4,0.5149225774225774,0.26666666666666666
VCT 2025: Americas Stage 2,Group Stage,Week 4,MIBR vs NRG,Bind,MIBR,804,0.5,0.4946017218076041,0.36666666666666664
VCT 2025: Americas Stage 2,Group Stage,Week 4,MIBR vs NRG,Bind,Mega Minors,804,0.4,0.6016526610644258,0.2666666666666666
VCT 2025: Americas Stage 2,Group Stage,Week 4,Sentinels vs Evil Geniuses,Lotus,Sentinels,805,0.6,0.8307814992025518,0.5
VCT 2025: Americas Stage 2,Group Stage,Week 4,Sentinels vs Evil Geniuses,Lotus,Evil Geniuses,805,0.6,0.3578571428571429,0.5
VCT 2025: Americas Stage 2,Group Stage,Week 4,Sentinels vs Evil Geniuses,Corrode,Sentinels,806,0.7,0.8367965367965369,0.5666666666666667
VCT 2025: Americas Stage 2,Group Stage,Week 4,Sentinels vs Evil Geniuses,Corrode,Evil Geniuses,806,0.6,0.37344155844155846,0.4666666666666666
VCT 2025: Americas Stage 2,Group Stage,Week 4,LEVIATÁN vs KRÜ Esports,Bind,KRÜ Esports,807,0.6,0.4392385392385393,0.5333333333333333
VCT 2025: Americas Stage 2,Group Stage,Week 4,LEVIATÁN vs KRÜ Esports,Bind,LEVIATÁN,807,0.6,0.5724098124098125,0.45
VCT 2025: Americas Stage 2,Group Stage,Week 4,LEVIATÁN vs KRÜ Esports,Haven,LEVIATÁN,808,0.6,0.5105050505050506,0.45
VCT 2025: Americas Stage 2,Group Stage,Week 4,LEVIATÁN vs KRÜ Esports,Haven,KRÜ Esports,808,0.6,0.5430846930846931,0.5333333333333333
VCT 2025: Americas Stage 2,Group Stage,Week 4,LEVIATÁN vs KRÜ Esports,Ascent,LEVIATÁN,809,0.6,0.4735819735819736,0.45
VCT 2025: Americas Stage 2,Group Stage,Week 4,LEVIATÁN vs KRÜ Esports,Ascent,KRÜ Esports,809,0.5,0.6161616161616161,0.4666666666666667
VCT 2025: Americas Stage 2,Group Stage,Week 4,FURIA vs G2 Esports,Corrode,FURIA,810,0.2,0.2333333333333333,0.21666666666666665
VCT 2025: Americas Stage 2,Group Stage,Week 4,FURIA vs G2 Esports,Corrode,G2 Esports,810,0.6,0.711010101010101,0.6166666666666666
VCT 2025: Americas Stage 2,Group Stage,Week 4,FURIA vs G2 Esports,Ascent,FURIA,811,0.1,0.2733333333333333,0.11666666666666665
VCT 2025: Americas Stage 2,Group Stage,Week 4,FURIA vs G2 Esports,Ascent,G2 Esports,811,0.7,0.7687878787878788,0.7166666666666666
VCT 2025: Americas Stage 2,Group Stage,Week 4,LOUD vs 100 Thieves,Sunset,LOUD,812,0.5,0.40991452991452987,0.4666666666666666
VCT 2025: Americas Stage 2,Group Stage,Week 4,LOUD vs 100 Thieves,Sunset,100 Thieves,812,0.4,0.6908646908646908,0.24999999999999994
VCT 2025: Americas Stage 2,Group Stage,Week 4,LOUD vs 100 Thieves,Bind,100 Thieves,813,0.3,0.5938949938949939,0.1833333333333333
VCT 2025: Americas Stage 2,Group Stage,Week 4,LOUD vs 100 Thieves,Bind,LOUD,813,0.6,0.5321367521367522,0.6
VCT 2025: Americas Stage 2,Group Stage,Week 4,LOUD vs 100 Thieves,Lotus,LOUD,814,0.4,0.543045843045843,0.4
VCT 2025: Americas Stage 2,Group Stage,Week 4,LOUD vs 100 Thieves,Lotus,100 Thieves,814,0.4,0.5557997557997558,0.3166666666666666
VCT 2025: Americas Stage 2,Group Stage,Week 5,KRÜ Esports vs NRG,Sunset,Mega Minors,815,0.5,0.5604761904761906,0.3333333333333333
VCT 2025: Americas Stage 2,Group Stage,Week 5,KRÜ Esports vs NRG,Sunset,KRÜ Esports,815,0.3,0.5502275502275502,0.26666666666666666
VCT 2025: Americas Stage 2,Group Stage,Week 5,KRÜ Esports vs NRG,Lotus,KRÜ Esports,816,0.4,0.6113386613386613,0.3333333333333333
VCT 2025: Americas Stage 2,Group Stage,Week 5,KRÜ Esports vs NRG,Lotus,Mega Minors,816,0.5,0.4461904761904762,0.3333333333333333
VCT 2025: Americas Stage 2,Group Stage,Week 5,KRÜ Esports vs NRG,Haven,KRÜ Esports,817,0.2,0.574975024975025,0.13333333333333333
VCT 2025: Americas Stage 2,Group Stage,Week 5,KRÜ Esports vs NRG,Haven,Mega Minors,817,0.6,0.5128571428571428,0.4666666666666666
VCT 2025: Americas Stage 2,Group Stage,Week 5,100 Thieves vs LEVIATÁN,Haven,100 Thieves,818,0.4,0.524972688130583,0.31666666666666665
VCT 2025: Americas Stage 2,Group Stage,Week 5,100 Thieves vs LEVIATÁN,Haven,LEVIATÁN,818,0.7,0.5408547008547009,0.6
VCT 2025: Americas Stage 2,Group Stage,Week 5,100 Thieves vs LEVIATÁN,Sunset,100 Thieves,819,0.5,0.5659983291562238,0.3833333333333333
VCT 2025: Americas Stage 2,Group Stage,Week 5,100 Thieves vs LEVIATÁN,Sunset,LEVIATÁN,819,0.7,0.5297435897435898,0.6
VCT 2025: Americas Stage 2,Group Stage,Week 5,100 Thieves vs LEVIATÁN,Lotus,LEVIATÁN,820,0.7,0.5630769230769231,0.6
VCT 2025: Americas Stage 2,Group Stage,Week 5,100 Thieves vs LEVIATÁN,Lotus,100 Thieves,820,0.5,0.5471949103528051,0.39999999999999997
VCT 2025: Americas Stage 2,Group Stage,Week 5,FURIA vs Evil Geniuses,Corrode,Evil Geniuses,821,0.5,0.36867965367965366,0.3833333333333333
VCT 2025: Americas Stage 2,Group Stage,Week 5,FURIA vs Evil Geniuses,Corrode,FURIA,821,0.2,0.31777777777777777,0.16666666666666666
VCT 2025: Americas Stage 2,Group Stage,Week 5,FURIA vs Evil Geniuses,Ascent,Evil Geniuses,822,0.5,0.40824009324009325,0.45
VCT 2025: Americas Stage 2,Group Stage,Week 5,FURIA vs Evil Geniuses,Ascent,FURIA,822,0.3,0.2644444444444444,0.18333333333333332
VCT 2025: Americas Stage 2,Group Stage,Week 5,2Game Esports vs Sentinels,Sunset,2Game Esports,823,0.5,0.5434848484848485,0.4666666666666666
VCT 2025: Americas Stage 2,Group Stage,Week 5,2Game Esports vs Sentinels,Sunset,Sentinels,823,0.7,0.8034632034632034,0.6333333333333333
VCT 2025: Americas Stage 2,Group Stage,Week 5,2Game Esports vs Sentinels,Lotus,2Game Esports,824,0.5,0.5711771561771561,0.4666666666666666
VCT 2025: Americas Stage 2,Group Stage,Week 5,2Game Esports vs Sentinels,Lotus,Sentinels,824,0.5,0.7159632034632034,0.4333333333333333
VCT 2025: Americas Stage 2,Group Stage,Week 5,2Game Esports vs Sentinels,Haven,Sentinels,825,0.6,0.6947510822510823,0.5333333333333333
VCT 2025: Americas Stage 2,Group Stage,Week 5,2Game Esports vs Sentinels,Haven,2Game Esports,825,0.4,0.41793040293040296,0.39999999999999997
VCT 2025: Americas Stage 2,Group Stage,Week 5,G2 Esports vs Cloud9,Ascent,G2 Esports,826,0.6,0.7617948717948717,0.65
VCT 2025: Americas Stage 2,Group Stage,Week 5,G2 Esports vs Cloud9,Ascent,Cloud9,826,0.5,0.5785353535353535,0.5
VCT 2025: Americas Stage 2,Group Stage,Week 5,G2 Esports vs Cloud9,Lotus,Cloud9,827,0.5,0.5535353535353534,0.5
VCT 2025: Americas Stage 2,Group Stage,Week 5,G2 Esports vs Cloud9,Lotus,G2 Esports,827,0.7,0.7717948717948717,0.7833333333333333
VCT 2025: Americas Stage 2,Group Stage,Week 5,MIBR vs LOUD,Icebox,LOUD,828,0.5,0.5489281959870195,0.5
VCT 2025: Americas Stage 2,Group Stage,Week 5,MIBR vs LOUD,Icebox,MIBR,828,0.5,0.4786926308985132,0.36666666666666664
VCT 2025: Americas Stage 2,Group Stage,Week 5,MIBR vs LOUD,Sunset,LOUD,829,0.5,0.5345692216280452,0.5
VCT 2025: Americas Stage 2,Group Stage,Week 5,MIBR vs LOUD,Sunset,MIBR,829,0.5,0.5548831070889895,0.36666666666666664
VCT 2025: Americas Stage 2,Playoffs,Upper Round 1,LEVIATÁN vs Cloud9,Corrode,Cloud9,830,0.4,0.5791763791763792,0.45
VCT 2025: Americas Stage 2,Playoffs,Upper Round 1,LEVIATÁN vs Cloud9,Corrode,LEVIATÁN,830,0.8,0.6741880341880342,0.7333333333333333
VCT 2025: Americas Stage 2,Playoffs,Upper Round 1,LEVIATÁN vs Cloud9,Haven,LEVIATÁN,831,0.7,0.6577777777777778,0.6
VCT 2025: Americas Stage 2,Playoffs,Upper Round 1,LEVIATÁN vs Cloud9,Haven,Cloud9,831,0.5,0.6034188034188033,0.5166666666666667
VCT 2025: Americas Stage 2,Playoffs,Upper Round 1,LEVIATÁN vs Cloud9,Lotus,Cloud9,832,0.4,0.5487179487179487,0.3833333333333333
VCT 2025: Americas Stage 2,Playoffs,Upper Round 1,LEVIATÁN vs Cloud9,Lotus,LEVIATÁN,832,0.6,0.6377777777777778,0.4666666666666666
VCT 2025: Americas Stage 2,Playoffs,Upper Round 1,G2 Esports vs 100 Thieves,Sunset,G2 Esports,833,0.9,0.7051282051282051,0.9333333333333332
VCT 2025: Americas Stage 2,Playoffs,Upper Round 1,G2 Esports vs 100 Thieves,Sunset,100 Thieves,833,0.5,0.5376711008289956,0.39999999999999997
VCT 2025: Americas Stage 2,Playoffs,Upper Round 1,G2 Esports vs 100 Thieves,Haven,G2 Esports,834,0.9,0.7495726495726496,0.8333333333333333
VCT 2025: Americas Stage 2,Playoffs,Upper Round 1,G2 Esports vs 100 Thieves,Haven,100 Thieves,834,0.3,0.4340996722575669,0.2666666666666666
VCT 2025: Americas Stage 2,Playoffs,Upper Semifinals,Sentinels vs Cloud9,Corrode,Sentinels,835,0.6,0.717478354978355,0.6
VCT 2025: Americas Stage 2,Playoffs,Upper Semifinals,Sentinels vs Cloud9,Corrode,Cloud9,835,0.3,0.5941724941724942,0.2833333333333333
VCT 2025: Americas Stage 2,Playoffs,Upper Semifinals,Sentinels vs Cloud9,Icebox,Sentinels,836,0.6,0.6946212121212121,0.6
VCT 2025: Americas Stage 2,Playoffs,Upper Semifinals,Sentinels vs Cloud9,Icebox,Cloud9,836,0.4,0.5741724941724942,0.35
VCT 2025: Americas Stage 2,Playoffs,Upper Semifinals,Sentinels vs Cloud9,Lotus,Sentinels,837,0.5,0.6356468531468531,0.4666666666666667
VCT 2025: Americas Stage 2,Playoffs,Upper Semifinals,Sentinels vs Cloud9,Lotus,Cloud9,837,0.6,0.6049417249417249,0.5
VCT 2025: Americas Stage 2,Playoffs,Upper Semifinals,NRG vs G2 Esports,Corrode,G2 Esports,838,0.8,0.7217948717948718,0.7666666666666666
VCT 2025: Americas Stage 2,Playoffs,Upper Semifinals,NRG vs G2 Esports,Corrode,Mega Minors,838,0.7,0.5319047619047619,0.5999999999999999
VCT 2025: Americas Stage 2,Playoffs,Upper Semifinals,NRG vs G2 Esports,Sunset,G2 Esports,839,0.8,0.6833333333333333,0.7
VCT 2025: Americas Stage 2,Playoffs,Upper Semifinals,NRG vs G2 Esports,Sunset,Mega Minors,839,0.7,0.5404761904761906,0.5999999999999999
VCT 2025: Americas Stage 2,Playoffs,Upper Semifinals,NRG vs G2 Esports,Bind,Mega Minors,840,0.7,0.5481684981684982,0.5833333333333333
VCT 2025: Americas Stage 2,Playoffs,Upper Semifinals,NRG vs G2 Esports,Bind,G2 Esports,840,0.7,0.6743589743589743,0.6333333333333333
VCT 2025: Americas Stage 2,Playoffs,Lower Round 1,LEVIATÁN vs KRÜ Esports,Lotus,LEVIATÁN,841,0.6,0.6454700854700854,0.4666666666666666
VCT 2025: Americas Stage 2,Playoffs,Lower Round 1,LEVIATÁN vs KRÜ Esports,Lotus,KRÜ Esports,841,0.1,0.4877955377955378,0.06666666666666667
VCT 2025: Americas Stage 2,Playoffs,Lower Round 1,LEVIATÁN vs KRÜ Esports,Sunset,KRÜ Esports,842,0.1,0.45945545682387784,0.06666666666666667
VCT 2025: Americas Stage 2,Playoffs,Lower Round 1,LEVIATÁN vs KRÜ Esports,Sunset,LEVIATÁN,842,0.7,0.6121367521367521,0.6
VCT 2025: Americas Stage 2,Playoffs,Lower Round 1,LEVIATÁN vs KRÜ Esports,Haven,KRÜ Esports,843,0.2,0.5561587535271746,0.13333333333333333
VCT 2025: Americas Stage 2,Playoffs,Lower Round 1,LEVIATÁN vs KRÜ Esports,Haven,LEVIATÁN,843,0.6,0.5010256410256411,0.4666666666666666
VCT 2025: Americas Stage 2,Playoffs,Lower Round 1,100 Thieves vs Evil Geniuses,Bind,Evil Geniuses,844,0.3,0.5211812697106815,0.25
VCT 2025: Americas Stage 2,Playoffs,Lower Round 1,100 Thieves vs Evil Geniuses,Bind,100 Thieves,844,0.3,0.3649267399267399,0.26666666666666666
VCT 2025: Americas Stage 2,Playoffs,Lower Round 1,100 Thieves vs Evil Geniuses,Corrode,Evil Geniuses,845,0.3,0.5128479363773482,0.25
VCT 2025: Americas Stage 2,Playoffs,Lower Round 1,100 Thieves vs Evil Geniuses,Corrode,100 Thieves,845,0.4,0.37704795204795205,0.4
VCT 2025: Americas Stage 2,Playoffs,Lower Round 2,NRG vs LEVIATÁN,Ascent,LEVIATÁN,846,0.6,0.5328205128205128,0.4666666666666666
VCT 2025: Americas Stage 2,Playoffs,Lower Round 2,NRG vs LEVIATÁN,Ascent,Mega Minors,846,0.8,0.5995970695970696,0.7166666666666666
VCT 2025: Americas Stage 2,Playoffs,Lower Round 2,NRG vs LEVIATÁN,Icebox,LEVIATÁN,847,0.6,0.4128205128205128,0.5
VCT 2025: Americas Stage 2,Playoffs,Lower Round 2,NRG vs LEVIATÁN,Icebox,Mega Minors,847,0.7,0.6495970695970696,0.5833333333333333
VCT 2025: Americas Stage 2,Playoffs,Lower Round 2,Cloud9 vs 100 Thieves,Haven,Cloud9,848,0.6,0.5466083916083916,0.5333333333333333
VCT 2025: Americas Stage 2,Playoffs,Lower Round 2,Cloud9 vs 100 Thieves,Haven,100 Thieves,848,0.5,0.39140692640692637,0.5333333333333334
VCT 2025: Americas Stage 2,Playoffs,Lower Round 2,Cloud9 vs 100 Thieves,Icebox,Cloud9,849,0.6,0.5312237762237763,0.5333333333333334
VCT 2025: Americas Stage 2,Playoffs,Lower Round 2,Cloud9 vs 100 Thieves,Icebox,100 Thieves,849,0.6,0.38426406926406925,0.6
VCT 2025: Americas Stage 2,Playoffs,Upper Final,Sentinels vs G2 Esports,Bind,G2 Esports,850,0.5,0.7148351648351647,0.4333333333333333
VCT 2025: Americas Stage 2,Playoffs,Upper Final,Sentinels vs G2 Esports,Bind,Sentinels,850,0.6,0.6731468531468531,0.5333333333333333
VCT 2025: Americas Stage 2,Playoffs,Upper Final,Sentinels vs G2 Esports,Sunset,G2 Esports,851,0.4,0.6291208791208791,0.39999999999999997
VCT 2025: Americas Stage 2,Playoffs,Upper Final,Sentinels vs G2 Esports,Sunset,Sentinels,851,0.5,0.6110256410256409,0.3833333333333333
VCT 2025: Americas Stage 2,Playoffs,Lower Round 3,NRG vs Cloud9,Corrode,Mega Minors,852,0.7,0.6762637362637364,0.5833333333333333
VCT 2025: Americas Stage 2,Playoffs,Lower Round 3,NRG vs Cloud9,Corrode,Cloud9,852,0.6,0.5057692307692307,0.5
VCT 2025: Americas Stage 2,Playoffs,Lower Round 3,NRG vs Cloud9,Lotus,Cloud9,853,0.5,0.4257692307692308,0.4333333333333333
VCT 2025: Americas Stage 2,Playoffs,Lower Round 3,NRG vs Cloud9,Lotus,Mega Minors,853,0.8,0.7476923076923077,0.65
VCT 2025: Americas Stage 2,Playoffs,Lower Round 3,NRG vs Cloud9,Haven,Mega Minors,854,0.7,0.7685714285714286,0.6666666666666666
VCT 2025: Americas Stage 2,Playoffs,Lower Round 3,NRG vs Cloud9,Haven,Cloud9,854,0.5,0.38269230769230766,0.4333333333333333
VCT 2025: Americas Stage 2,Showmatch,Override,Team Alpha vs Team Omega,Corrode,Team Omega,855,,,
VCT 2025: Americas Stage 2,Showmatch,Override,Team Alpha vs Team Omega,Corrode,Team Alpha,855,,,
VCT 2025: Americas Stage 2,Playoffs,Lower Final,Sentinels vs NRG,Lotus,Sentinels,856,0.4,0.5210256410256411,0.25
VCT 2025: Americas Stage 2,Playoffs,Lower Final,Sentinels vs NRG,Lotus,Mega Minors,856,0.5,0.7996825396825397,0.4666666666666666
VCT 2025: Americas Stage 2,Playoffs,Lower Final,Sentinels vs NRG,Icebox,Sentinels,857,0.4,0.426025641025641,0.25
VCT 2025: Americas Stage 2,Playoffs,Lower Final,Sentinels vs NRG,Icebox,Mega Minors,857,0.5,0.7663492063492063,0.4666666666666666
VCT 2025: Americas Stage 2,Playoffs,Lower Final,Sentinels vs NRG,Sunset,Sentinels,858,0.4,0.4383333333333333,0.25
VCT 2025: Americas Stage 2,Playoffs,Lower Final,Sentinels vs NRG,Sunset,Mega Minors,858,0.5,0.7154401154401154,0.4666666666666666
VCT 2025: Americas Stage 2,Playoffs,Lower Final,Sentinels vs NRG,Corrode,Sentinels,859,0.5,0.38064102564102564,0.3833333333333333
VCT 2025: Americas Stage 2,Playoffs,Lower Final,Sentinels vs NRG,Corrode,Mega Minors,859,0.3,0.6427128427128428,0.3333333333333333
VCT 2025: Americas Stage 2,Playoffs,Grand Final,G2 Esports vs NRG,Bind,Mega Minors,860,0.4,0.6641414141414141,0.3166666666666666
VCT 2025: Americas Stage 2,Playoffs,Grand Final,G2 Esports vs NRG,Bind,G2 Esports,860,0.4,0.6021978021978022,0.3333333333333333
VCT 2025: Americas Stage 2,Playoffs,Grand Final,G2 Esports vs NRG,Lotus,Mega Minors,861,0.5,0.6596969696969698,0.3666666666666666
VCT 2025: Americas Stage 2,Playoffs,Grand Final,G2 Esports vs NRG,Lotus,G2 Esports,861,0.4,0.6221978021978022,0.33333333333333337
VCT 2025: Americas Stage 2,Playoffs,Grand Final,G2 Esports vs NRG,Ascent,Mega Minors,862,0.4,0.6007226107226107,0.29999999999999993
VCT 2025: Americas Stage 2,Playoffs,Grand Final,G2 Esports vs NRG,Ascent,G2 Esports,862,0.5,0.6221978021978022,0.4
VCT 2025: EMEA Stage 2,Group Stage,Week 1,Natus Vincere vs Apeks,Icebox,Natus Vincere,863,0.4,0.5177777777777778,0.41666666666666663
VCT 2025: EMEA Stage 2,Group Stage,Week 1,Natus Vincere vs Apeks,Icebox,Apeks,863,0.5,0.3932167832167832,0.3333333333333333
VCT 2025: EMEA Stage 2,Group Stage,Week 1,Natus Vincere vs Apeks,Sunset,Natus Vincere,864,0.4,0.5795959595959597,0.4166666666666667
VCT 2025: EMEA Stage 2,Group Stage,Week 1,Natus Vincere vs Apeks,Sunset,Apeks,864,0.5,0.3332167832167832,0.3333333333333333
VCT 2025: EMEA Stage 2,Group Stage,Week 1,Natus Vincere vs Apeks,Corrode,Natus Vincere,865,0.2,0.5905050505050505,0.21666666666666665
VCT 2025: EMEA Stage 2,Group Stage,Week 1,Natus Vincere vs Apeks,Corrode,Apeks,865,0.6,0.43321678321678314,0.4666666666666666
VCT 2025: EMEA Stage 2,Group Stage,Week 1,Team Vitality vs GIANTX,Sunset,Team Vitality,866,0.4,0.5169780219780219,0.33333333333333337
VCT 2025: EMEA Stage 2,Group Stage,Week 1,Team Vitality vs GIANTX,Sunset,GIANTX,866,0.6,0.5496212121212121,0.6333333333333334
VCT 2025: EMEA Stage 2,Group Stage,Week 1,Team Vitality vs GIANTX,Bind,Team Vitality,867,0.5,0.4131318681318681,0.4666666666666667
VCT 2025: EMEA Stage 2,Group Stage,Week 1,Team Vitality vs GIANTX,Bind,GIANTX,867,0.5,0.5456996434937611,0.5666666666666667
VCT 2025: EMEA Stage 2,Group Stage,Week 1,FUT Esports vs Gentle Mates,Bind,FUT Esports,868,0.5,0.4888888888888888,0.35
VCT 2025: EMEA Stage 2,Group Stage,Week 1,FUT Esports vs Gentle Mates,Bind,Gentle Mates,868,0.0,0.46809144072301967,0.0
VCT 2025: EMEA Stage 2,Group Stage,Week 1,FUT Esports vs Gentle Mates,Sunset,Gentle Mates,869,0.2,0.49616161616161614,0.2
VCT 2025: EMEA Stage 2,Group Stage,Week 1,FUT Esports vs Gentle Mates,Sunset,FUT Esports,869,0.3,0.5277777777777778,0.25
VCT 2025: EMEA Stage 2,Group Stage,Week 1,FUT Esports vs Gentle Mates,Lotus,Gentle Mates,870,0.2,0.573939393939394,0.2
VCT 2025: EMEA Stage 2,Group Stage,Week 1,FUT Esports vs Gentle Mates,Lotus,FUT Esports,870,0.5,0.5144444444444444,0.45
VCT 2025: EMEA Stage 2,Group Stage,Week 1,Team Liquid vs KOI,Bind,KOI,871,0.6,0.512987012987013,0.6
VCT 2025: EMEA Stage 2,Group Stage,Week 1,Team Liquid vs KOI,Bind,Team Liquid,871,0.8,0.533495670995671,0.7333333333333333
VCT 2025: EMEA Stage 2,Group Stage,Week 1,Team Liquid vs KOI,Icebox,Team Liquid,872,0.8,0.5456168831168832,0.7333333333333334
VCT 2025: EMEA Stage 2,Group Stage,Week 1,Team Liquid vs KOI,Icebox,KOI,872,0.6,0.5558441558441559,0.64
VCT 2025: EMEA Stage 2,Group Stage,Week 1,Team Liquid vs KOI,Lotus,KOI,873,0.6,0.5522727272727274,0.64
VCT 2025: EMEA Stage 2,Group Stage,Week 1,Team Liquid vs KOI,Lotus,Team Liquid,873,0.8,0.5031926406926407,0.6666666666666667
VCT 2025: EMEA Stage 2,Group Stage,Week 1,Team Heretics vs BBL Esports,Icebox,BBL Esports,874,0.6,0.6853535353535354,0.45
VCT 2025: EMEA Stage 2,Group Stage,Week 1,Team Heretics vs BBL Esports,Icebox,Team Heretics,874,0.3,0.42028711484593834,0.3166666666666666
VCT 2025: EMEA Stage 2,Group Stage,Week 1,Team Heretics vs BBL Esports,Haven,BBL Esports,875,0.6,0.7205050505050504,0.45000000000000007
VCT 2025: EMEA Stage 2,Group Stage,Week 1,Team Heretics vs BBL Esports,Haven,Team Heretics,875,0.2,0.4077871148459383,0.1833333333333333
VCT 2025: EMEA Stage 2,Group Stage,Week 1,Team Heretics vs BBL Esports,Sunset,Team Heretics,876,0.3,0.5011204481792717,0.24999999999999994
VCT 2025: EMEA Stage 2,Group Stage,Week 1,Team Heretics vs BBL Esports,Sunset,BBL Esports,876,0.5,0.6227272727272728,0.3166666666666667
VCT 2025: EMEA Stage 2,Group Stage,Week 1,FNATIC vs Karmine Corp,Bind,Karmine Corp,877,0.5,0.46590909090909094,0.4
VCT 2025: EMEA Stage 2,Group Stage,Week 1,FNATIC vs Karmine Corp,Bind,FNATIC,877,0.7,0.5198286027697793,0.6333333333333334
VCT 2025: EMEA Stage 2,Group Stage,Week 1,FNATIC vs Karmine Corp,Lotus,FNATIC,878,0.7,0.5077073906485671,0.6333333333333333
VCT 2025: EMEA Stage 2,Group Stage,Week 1,FNATIC vs Karmine Corp,Lotus,Karmine Corp,878,0.4,0.39924242424242423,0.26666666666666666
VCT 2025: EMEA Stage 2,Group Stage,Week 1,FNATIC vs Karmine Corp,Icebox,Karmine Corp,879,0.4,0.4784090909090909,0.3333333333333333
VCT 2025: EMEA Stage 2,Group Stage,Week 1,FNATIC vs Karmine Corp,Icebox,FNATIC,879,0.6,0.49745098039215685,0.5666666666666667
VCT 2025: EMEA Stage 2,Group Stage,Week 2,Apeks vs Karmine Corp,Icebox,Apeks,880,0.5,0.3832167832167832,0.39999999999999997
VCT 2025: EMEA Stage 2,Group Stage,Week 2,Apeks vs Karmine Corp,Icebox,Karmine Corp,880,0.4,0.4600757575757576,0.3166666666666666
VCT 2025: EMEA Stage 2,Group Stage,Week 2,Apeks vs Karmine Corp,Sunset,Apeks,881,0.5,0.39090909090909093,0.45
VCT 2025: EMEA Stage 2,Group Stage,Week 2,Apeks vs Karmine Corp,Sunset,Karmine Corp,881,0.5,0.4782575757575757,0.45
VCT 2025: EMEA Stage 2,Group Stage,Week 2,Apeks vs Karmine Corp,Lotus,Karmine Corp,882,0.6,0.47159090909090906,0.5166666666666666
VCT 2025: EMEA Stage 2,Group Stage,Week 2,Apeks vs Karmine Corp,Lotus,Apeks,882,0.4,0.41428571428571426,0.3833333333333333
VCT 2025: EMEA Stage 2,Group Stage,Week 2,GIANTX vs BBL Esports,Icebox,BBL Esports,883,0.5,0.6104195804195804,0.3166666666666667
VCT 2025: EMEA Stage 2,Group Stage,Week 2,GIANTX vs BBL Esports,Icebox,GIANTX,883,0.4,0.6323663101604279,0.4333333333333333
VCT 2025: EMEA Stage 2,Group Stage,Week 2,GIANTX vs BBL Esports,Lotus,BBL Esports,884,0.4,0.5404195804195804,0.25000000000000006
VCT 2025: EMEA Stage 2,Group Stage,Week 2,GIANTX vs BBL Esports,Lotus,GIANTX,884,0.4,0.6823663101604278,0.4666666666666666
VCT 2025: EMEA Stage 2,Group Stage,Week 2,GIANTX vs BBL Esports,Corrode,BBL Esports,885,0.5,0.5418181818181818,0.4
VCT 2025: EMEA Stage 2,Group Stage,Week 2,GIANTX vs BBL Esports,Corrode,GIANTX,885,0.2,0.643578431372549,0.31666666666666665
VCT 2025: EMEA Stage 2,Group Stage,Week 2,Team Liquid vs Natus Vincere,Corrode,Team Liquid,886,0.6,0.5695387945387946,0.4666666666666666
VCT 2025: EMEA Stage 2,Group Stage,Week 2,Team Liquid vs Natus Vincere,Corrode,Natus Vincere,886,0.3,0.6292929292929293,0.31666666666666665
VCT 2025: EMEA Stage 2,Group Stage,Week 2,Team Liquid vs Natus Vincere,Sunset,Team Liquid,887,0.6,0.6637695637695638,0.45
VCT 2025: EMEA Stage 2,Group Stage,Week 2,Team Liquid vs Natus Vincere,Sunset,Natus Vincere,887,0.4,0.5892929292929293,0.45
VCT 2025: EMEA Stage 2,Group Stage,Week 2,Gentle Mates vs Team Heretics,Corrode,Team Heretics,888,0.5,0.45826330532212883,0.45
VCT 2025: EMEA Stage 2,Group Stage,Week 2,Gentle Mates vs Team Heretics,Corrode,Gentle Mates,888,0.3,0.5473693456302151,0.3
VCT 2025: EMEA Stage 2,Group Stage,Week 2,Gentle Mates vs Team Heretics,Ascent,Gentle Mates,889,0.5,0.5497222868066858,0.5
VCT 2025: EMEA Stage 2,Group Stage,Week 2,Gentle Mates vs Team Heretics,Ascent,Team Heretics,889,0.5,0.48988095238095236,0.39999999999999997
VCT 2025: EMEA Stage 2,Group Stage,Week 2,Gentle Mates vs Team Heretics,Bind,Gentle Mates,890,0.6,0.5557828928672919,0.5666666666666667
VCT 2025: EMEA Stage 2,Group Stage,Week 2,Gentle Mates vs Team Heretics,Bind,Team Heretics,890,0.5,0.506547619047619,0.39999999999999997
VCT 2025: EMEA Stage 2,Group Stage,Week 2,FUT Esports vs Team Vitality,Haven,FUT Esports,891,0.4,0.517953216374269,0.29
VCT 2025: EMEA Stage 2,Group Stage,Week 2,FUT Esports vs Team Vitality,Haven,Team Vitality,891,0.6,0.39884615384615385,0.5333333333333334
VCT 2025: EMEA Stage 2,Group Stage,Week 2,FUT Esports vs Team Vitality,Lotus,Team Vitality,892,0.7,0.4511538461538461,0.6666666666666666
VCT 2025: EMEA Stage 2,Group Stage,Week 2,FUT Esports vs Team Vitality,Lotus,FUT Esports,892,0.3,0.45319131161236426,0.24000000000000005
VCT 2025: EMEA Stage 2,Group Stage,Week 2,KOI vs FNATIC,Ascent,FNATIC,893,0.6,0.4950980392156863,0.6333333333333333
VCT 2025: EMEA Stage 2,Group Stage,Week 2,KOI vs FNATIC,Ascent,KOI,893,0.6,0.5356060606060606,0.5733333333333334
VCT 2025: EMEA Stage 2,Group Stage,Week 2,KOI vs FNATIC,Haven,FNATIC,894,0.5,0.5348416289592761,0.5
VCT 2025: EMEA Stage 2,Group Stage,Week 2,KOI vs FNATIC,Haven,KOI,894,0.5,0.5022727272727273,0.42333333333333334
VCT 2025: EMEA Stage 2,Group Stage,Week 3,FUT Esports vs GIANTX,Sunset,GIANTX,895,0.3,0.6445399698340875,0.2833333333333333
VCT 2025: EMEA Stage 2,Group Stage,Week 3,FUT Esports vs GIANTX,Sunset,FUT Esports,895,0.3,0.4996559580770107,0.24000000000000005
VCT 2025: EMEA Stage 2,Group Stage,Week 3,FUT Esports vs GIANTX,Haven,GIANTX,896,0.5,0.6351282051282051,0.4833333333333333
VCT 2025: EMEA Stage 2,Group Stage,Week 3,FUT Esports vs GIANTX,Haven,FUT Esports,896,0.3,0.5274337358547885,0.29000000000000004
VCT 2025: EMEA Stage 2,Group Stage,Week 3,FUT Esports vs GIANTX,Bind,GIANTX,897,0.5,0.5751282051282052,0.4833333333333333
VCT 2025: EMEA Stage 2,Group Stage,Week 3,FUT Esports vs GIANTX,Bind,FUT Esports,897,0.2,0.5174337358547885,0.1566666666666667
VCT 2025: EMEA Stage 2,Group Stage,Week 3,Gentle Mates vs BBL Esports,Sunset,BBL Esports,898,0.5,0.45999999999999996,0.4000000000000001
VCT 2025: EMEA Stage 2,Group Stage,Week 3,Gentle Mates vs BBL Esports,Sunset,Gentle Mates,898,0.5,0.4795924166768157,0.4333333333333333
VCT 2025: EMEA Stage 2,Group Stage,Week 3,Gentle Mates vs BBL Esports,Lotus,BBL Esports,899,0.6,0.5436363636363637,0.5333333333333334
VCT 2025: EMEA Stage 2,Group Stage,Week 3,Gentle Mates vs BBL Esports,Lotus,Gentle Mates,899,0.5,0.3684813055657045,0.47333333333333333
VCT 2025: EMEA Stage 2,Group Stage,Week 3,Team Liquid vs Apeks,Ascent,Team Liquid,900,0.7,0.6806526806526807,0.5833333333333333
VCT 2025: EMEA Stage 2,Group Stage,Week 3,Team Liquid vs Apeks,Ascent,Apeks,900,0.5,0.46428571428571425,0.5166666666666666
VCT 2025: EMEA Stage 2,Group Stage,Week 3,Team Liquid vs Apeks,Corrode,Apeks,901,0.3,0.4742857142857143,0.31666666666666665
VCT 2025: EMEA Stage 2,Group Stage,Week 3,Team Liquid vs Apeks,Corrode,Team Liquid,901,0.7,0.6528451940216646,0.5833333333333333
VCT 2025: EMEA Stage 2,Group Stage,Week 3,Team Liquid vs Apeks,Lotus,Team Liquid,902,0.7,0.6861785273549981,0.5833333333333333
VCT 2025: EMEA Stage 2,Group Stage,Week 3,Team Liquid vs Apeks,Lotus,Apeks,902,0.3,0.5385714285714286,0.31666666666666665
VCT 2025: EMEA Stage 2,Group Stage,Week 3,KOI vs Karmine Corp,Lotus,Karmine Corp,903,0.5,0.5340909090909091,0.5
VCT 2025: EMEA Stage 2,Group Stage,Week 3,KOI vs Karmine Corp,Lotus,KOI,903,0.3,0.48166666666666663,0.22333333333333333
VCT 2025: EMEA Stage 2,Group Stage,Week 3,KOI vs Karmine Corp,Sunset,Karmine Corp,904,0.5,0.5073051948051948,0.4333333333333333
VCT 2025: EMEA Stage 2,Group Stage,Week 3,KOI vs Karmine Corp,Sunset,KOI,904,0.4,0.5066666666666666,0.25
VCT 2025: EMEA Stage 2,Group Stage,Week 3,KOI vs Karmine Corp,Haven,Karmine Corp,905,0.6,0.5561940836940836,0.5833333333333333
VCT 2025: EMEA Stage 2,Group Stage,Week 3,KOI vs Karmine Corp,Haven,KOI,905,0.4,0.4616666666666666,0.25
VCT 2025: EMEA Stage 2,Group Stage,Week 3,Natus Vincere vs FNATIC,Ascent,Natus Vincere,906,0.4,0.5353246753246753,0.4
VCT 2025: EMEA Stage 2,Group Stage,Week 3,Natus Vincere vs FNATIC,Ascent,FNATIC,906,0.6,0.5484162895927602,0.6
VCT 2025: EMEA Stage 2,Group Stage,Week 3,Natus Vincere vs FNATIC,Icebox,FNATIC,907,0.7,0.5059920471685178,0.7333333333333333
VCT 2025: EMEA Stage 2,Group Stage,Week 3,Natus Vincere vs FNATIC,Icebox,Natus Vincere,907,0.3,0.5064476699770817,0.3333333333333333
VCT 2025: EMEA Stage 2,Group Stage,Week 3,Natus Vincere vs FNATIC,Bind,FNATIC,908,0.7,0.5678968090732797,0.6666666666666667
VCT 2025: EMEA Stage 2,Group Stage,Week 3,Natus Vincere vs FNATIC,Bind,Natus Vincere,908,0.4,0.5155385790679908,0.4333333333333333
VCT 2025: EMEA Stage 2,Group Stage,Week 3,Team Vitality vs Team Heretics,Haven,Team Heretics,909,0.5,0.6201839826839828,0.4
VCT 2025: EMEA Stage 2,Group Stage,Week 3,Team Vitality vs Team Heretics,Haven,Team Vitality,909,0.7,0.5716083916083916,0.6666666666666666
VCT 2025: EMEA Stage 2,Group Stage,Week 3,Team Vitality vs Team Heretics,Ascent,Team Heretics,910,0.5,0.5868506493506495,0.39999999999999997
VCT 2025: EMEA Stage 2,Group Stage,Week 3,Team Vitality vs Team Heretics,Ascent,Team Vitality,910,0.8,0.5439160839160839,0.7666666666666666
VCT 2025: EMEA Stage 2,Group Stage,Week 4,FUT Esports vs Team Heretics,Haven,Team Heretics,911,0.4,0.6395979020979021,0.2666666666666666
VCT 2025: EMEA Stage 2,Group Stage,Week 4,FUT Esports vs Team Heretics,Haven,FUT Esports,911,0.2,0.5442279942279942,0.18333333333333335
VCT 2025: EMEA Stage 2,Group Stage,Week 4,FUT Esports vs Team Heretics,Bind,FUT Esports,912,0.3,0.5956565656565658,0.25
VCT 2025: EMEA Stage 2,Group Stage,Week 4,FUT Esports vs Team Heretics,Bind,Team Heretics,912,0.5,0.6687645687645688,0.3999999999999999
VCT 2025: EMEA Stage 2,Group Stage,Week 4,KOI vs Apeks,Lotus,Apeks,913,0.3,0.5385714285714286,0.26666666666666666
VCT 2025: EMEA Stage 2,Group Stage,Week 4,KOI vs Apeks,Lotus,KOI,913,0.2,0.5005555555555555,0.11666666666666665
VCT 2025: EMEA Stage 2,Group Stage,Week 4,KOI vs Apeks,Ascent,Apeks,914,0.3,0.540952380952381,0.26666666666666666
VCT 2025: EMEA Stage 2,Group Stage,Week 4,KOI vs Apeks,Ascent,KOI,914,0.2,0.4805555555555555,0.16666666666666666
VCT 2025: EMEA Stage 2,Group Stage,Week 4,KOI vs Apeks,Haven,Apeks,915,0.1,0.5266666666666667,0.06666666666666667
VCT 2025: EMEA Stage 2,Group Stage,Week 4,KOI vs Apeks,Haven,KOI,915,0.4,0.5193434343434344,0.36666666666666664
VCT 2025: EMEA Stage 2,Group Stage,Week 4,Gentle Mates vs GIANTX,Corrode,GIANTX,916,0.5,0.49179487179487175,0.45
VCT 2025: EMEA Stage 2,Group Stage,Week 4,Gentle Mates vs GIANTX,Corrode,Gentle Mates,916,0.5,0.3853291316526611,0.44000000000000006
VCT 2025: EMEA Stage 2,Group Stage,Week 4,Gentle Mates vs GIANTX,Ascent,GIANTX,917,0.6,0.4651282051282051,0.4666666666666666
VCT 2025: EMEA Stage 2,Group Stage,Week 4,Gentle Mates vs GIANTX,Ascent,Gentle Mates,917,0.4,0.46011904761904765,0.30666666666666664
VCT 2025: EMEA Stage 2,Group Stage,Week 4,Gentle Mates vs GIANTX,Haven,GIANTX,918,0.6,0.43916666666666665,0.4666666666666666
VCT 2025: EMEA Stage 2,Group Stage,Week 4,Gentle Mates vs GIANTX,Haven,Gentle Mates,918,0.4,0.41428571428571426,0.30666666666666664
VCT 2025: EMEA Stage 2,Group Stage,Week 4,Natus Vincere vs Karmine Corp,Sunset,Karmine Corp,919,0.6,0.6071031746031746,0.5833333333333333
VCT 2025: EMEA Stage 2,Group Stage,Week 4,Natus Vincere vs Karmine Corp,Sunset,Natus Vincere,919,0.4,0.45243697478991596,0.4333333333333333
VCT 2025: EMEA Stage 2,Group Stage,Week 4,Natus Vincere vs Karmine Corp,Corrode,Natus Vincere,920,0.4,0.4924369747899159,0.36666666666666664
VCT 2025: EMEA Stage 2,Group Stage,Week 4,Natus Vincere vs Karmine Corp,Corrode,Karmine Corp,920,0.6,0.6137698412698412,0.6166666666666667
VCT 2025: EMEA Stage 2,Group Stage,Week 4,Team Vitality vs BBL Esports,Lotus,BBL Esports,921,0.7,0.5484440559440559,0.6
VCT 2025: EMEA Stage 2,Group Stage,Week 4,Team Vitality vs BBL Esports,Lotus,Team Vitality,921,0.7,0.5886713286713287,0.6333333333333333
VCT 2025: EMEA Stage 2,Group Stage,Week 4,Team Vitality vs BBL Esports,Icebox,Team Vitality,922,0.7,0.5743856143856144,0.6666666666666666
VCT 2025: EMEA Stage 2,Group Stage,Week 4,Team Vitality vs BBL Esports,Icebox,BBL Esports,922,0.7,0.5617773892773893,0.6000000000000001
VCT 2025: EMEA Stage 2,Group Stage,Week 4,Team Vitality vs BBL Esports,Bind,BBL Esports,923,0.6,0.6233158508158508,0.4666666666666666
VCT 2025: EMEA Stage 2,Group Stage,Week 4,Team Vitality vs BBL Esports,Bind,Team Vitality,923,0.6,0.4743856143856144,0.5333333333333333
VCT 2025: EMEA Stage 2,Group Stage,Week 4,Team Liquid vs FNATIC,Bind,FNATIC,924,0.6,0.5765655397234345,0.5333333333333334
VCT 2025: EMEA Stage 2,Group Stage,Week 4,Team Liquid vs FNATIC,Bind,Team Liquid,924,0.9,0.6861785273549981,0.7833333333333333
VCT 2025: EMEA Stage 2,Group Stage,Week 4,Team Liquid vs FNATIC,Ascent,FNATIC,925,0.6,0.539202902360797,0.6
VCT 2025: EMEA Stage 2,Group Stage,Week 4,Team Liquid vs FNATIC,Ascent,Team Liquid,925,0.9,0.6502810914575621,0.8
VCT 2025: EMEA Stage 2,Group Stage,Week 5,KOI vs Natus Vincere,Icebox,Natus Vincere,926,0.5,0.5819607843137254,0.4333333333333333
VCT 2025: EMEA Stage 2,Group Stage,Week 5,KOI vs Natus Vincere,Icebox,KOI,926,0.4,0.5174203574203574,0.36666666666666664
VCT 2025: EMEA Stage 2,Group Stage,Week 5,KOI vs Natus Vincere,Corrode,KOI,927,0.6,0.5465112665112665,0.5
VCT 2025: EMEA Stage 2,Group Stage,Week 5,KOI vs Natus Vincere,Corrode,Natus Vincere,927,0.5,0.5665196078431373,0.4833333333333333
VCT 2025: EMEA Stage 2,Group Stage,Week 5,KOI vs Natus Vincere,Ascent,KOI,928,0.7,0.5798445998445999,0.55
VCT 2025: EMEA Stage 2,Group Stage,Week 5,KOI vs Natus Vincere,Ascent,Natus Vincere,928,0.5,0.5617577030812325,0.5166666666666666
VCT 2025: EMEA Stage 2,Group Stage,Week 5,Apeks vs FNATIC,Bind,Apeks,929,0.2,0.4666666666666667,0.13333333333333333
VCT 2025: EMEA Stage 2,Group Stage,Week 5,Apeks vs FNATIC,Bind,FNATIC,929,0.4,0.4648439280018228,0.4
VCT 2025: EMEA Stage 2,Group Stage,Week 5,Apeks vs FNATIC,Lotus,FNATIC,930,0.4,0.5012075643654591,0.4
VCT 2025: EMEA Stage 2,Group Stage,Week 5,Apeks vs FNATIC,Lotus,Apeks,930,0.2,0.41904761904761906,0.13333333333333333
VCT 2025: EMEA Stage 2,Group Stage,Week 5,GIANTX vs Team Heretics,Ascent,GIANTX,931,0.6,0.45916666666666667,0.4666666666666666
VCT 2025: EMEA Stage 2,Group Stage,Week 5,GIANTX vs Team Heretics,Ascent,Team Heretics,931,0.5,0.7020979020979021,0.39999999999999997
VCT 2025: EMEA Stage 2,Group Stage,Week 5,GIANTX vs Team Heretics,Haven,GIANTX,932,0.6,0.4241666666666667,0.4666666666666666
VCT 2025: EMEA Stage 2,Group Stage,Week 5,GIANTX vs Team Heretics,Haven,Team Heretics,932,0.5,0.6717948717948717,0.39999999999999997
VCT 2025: EMEA Stage 2,Group Stage,Week 5,Gentle Mates vs Team Vitality,Corrode,Gentle Mates,933,0.3,0.4714285714285714,0.23999999999999994
VCT 2025: EMEA Stage 2,Group Stage,Week 5,Gentle Mates vs Team Vitality,Corrode,Team Vitality,933,0.4,0.4432167832167832,0.3333333333333333
VCT 2025: EMEA Stage 2,Group Stage,Week 5,Gentle Mates vs Team Vitality,Lotus,Gentle Mates,934,0.3,0.5464285714285715,0.19999999999999998
VCT 2025: EMEA Stage 2,Group Stage,Week 5,Gentle Mates vs Team Vitality,Lotus,Team Vitality,934,0.5,0.4963636363636363,0.4333333333333333
VCT 2025: EMEA Stage 2,Group Stage,Week 5,Gentle Mates vs Team Vitality,Ascent,Gentle Mates,935,0.3,0.5672619047619047,0.2
VCT 2025: EMEA Stage 2,Group Stage,Week 5,Gentle Mates vs Team Vitality,Ascent,Team Vitality,935,0.5,0.48545454545454547,0.4333333333333333
VCT 2025: EMEA Stage 2,Group Stage,Week 5,FUT Esports vs BBL Esports,Sunset,FUT Esports,936,0.4,0.5774747474747475,0.3
VCT 2025: EMEA Stage 2,Group Stage,Week 5,FUT Esports vs BBL Esports,Sunset,BBL Esports,936,0.7,0.6233158508158508,0.6
VCT 2025: EMEA Stage 2,Group Stage,Week 5,FUT Esports vs BBL Esports,Ascent,BBL Esports,937,0.7,0.5596794871794872,0.6
VCT 2025: EMEA Stage 2,Group Stage,Week 5,FUT Esports vs BBL Esports,Ascent,FUT Esports,937,0.4,0.5913636363636364,0.25
VCT 2025: EMEA Stage 2,Group Stage,Week 5,Team Liquid vs Karmine Corp,Lotus,Karmine Corp,938,0.7,0.5234920634920635,0.6333333333333333
VCT 2025: EMEA Stage 2,Group Stage,Week 5,Team Liquid vs Karmine Corp,Lotus,Team Liquid,938,0.9,0.6826043237807944,0.8
VCT 2025: EMEA Stage 2,Group Stage,Week 5,Team Liquid vs Karmine Corp,Bind,Karmine Corp,939,0.7,0.5127777777777778,0.6333333333333333
VCT 2025: EMEA Stage 2,Group Stage,Week 5,Team Liquid vs Karmine Corp,Bind,Team Liquid,939,0.8,0.6871794871794872,0.6666666666666666
VCT 2025: EMEA Stage 2,Group Stage,Week 5,Team Liquid vs Karmine Corp,Sunset,Karmine Corp,940,0.6,0.4905555555555555,0.5
VCT 2025: EMEA Stage 2,Group Stage,Week 5,Team Liquid vs Karmine Corp,Sunset,Team Liquid,940,0.7,0.6819163292847504,0.6
VCT 2025: EMEA Stage 2,Playoffs,Upper Round 1,FNATIC vs BBL Esports,Corrode,BBL Esports,941,0.8,0.5638461538461539,0.7333333333333334
VCT 2025: EMEA Stage 2,Playoffs,Upper Round 1,FNATIC vs BBL Esports,Corrode,FNATIC,941,0.4,0.5154932786511733,0.4
VCT 2025: EMEA Stage 2,Playoffs,Upper Round 1,FNATIC vs BBL Esports,Ascent,FNATIC,942,0.6,0.5058441558441558,0.6
VCT 2025: EMEA Stage 2,Playoffs,Upper Round 1,FNATIC vs BBL Esports,Ascent,BBL Esports,942,0.7,0.5796037296037296,0.6666666666666667
VCT 2025: EMEA Stage 2,Playoffs,Upper Round 1,FNATIC vs BBL Esports,Haven,BBL Esports,943,0.7,0.5857575757575757,0.6666666666666667
VCT 2025: EMEA Stage 2,Playoffs,Upper Round 1,FNATIC vs BBL Esports,Haven,FNATIC,943,0.6,0.4951298701298702,0.5999999999999999
VCT 2025: EMEA Stage 2,Playoffs,Upper Round 1,GIANTX vs Natus Vincere,Bind,GIANTX,944,0.5,0.3575,0.39999999999999997
VCT 2025: EMEA Stage 2,Playoffs,Upper Round 1,GIANTX vs Natus Vincere,Bind,Natus Vincere,944,0.5,0.6248593073593074,0.5166666666666666
VCT 2025: EMEA Stage 2,Playoffs,Upper Round 1,GIANTX vs Natus Vincere,Haven,GIANTX,945,0.4,0.33464285714285713,0.3333333333333333
VCT 2025: EMEA Stage 2,Playoffs,Upper Round 1,GIANTX vs Natus Vincere,Haven,Natus Vincere,945,0.6,0.6479362304362304,0.65
VCT 2025: EMEA Stage 2,Playoffs,Upper Round 1,GIANTX vs Natus Vincere,Ascent,GIANTX,946,0.5,0.313051948051948,0.4666666666666666
VCT 2025: EMEA Stage 2,Playoffs,Upper Round 1,GIANTX vs Natus Vincere,Ascent,Natus Vincere,946,0.5,0.6103604728604728,0.5833333333333333
VCT 2025: EMEA Stage 2,Playoffs,Upper Semifinals,Team Heretics vs BBL Esports,Icebox,Team Heretics,947,0.6,0.7317948717948718,0.5333333333333332
VCT 2025: EMEA Stage 2,Playoffs,Upper Semifinals,Team Heretics vs BBL Esports,Icebox,BBL Esports,947,0.7,0.6190909090909091,0.6666666666666667
VCT 2025: EMEA Stage 2,Playoffs,Upper Semifinals,Team Heretics vs BBL Esports,Ascent,BBL Esports,948,0.7,0.6590909090909091,0.6
VCT 2025: EMEA Stage 2,Playoffs,Upper Semifinals,Team Heretics vs BBL Esports,Ascent,Team Heretics,948,0.5,0.6433333333333333,0.5166666666666666
VCT 2025: EMEA Stage 2,Playoffs,Upper Semifinals,Team Liquid vs GIANTX,Sunset,Team Liquid,949,0.5,0.6457172342621259,0.45
VCT 2025: EMEA Stage 2,Playoffs,Upper Semifinals,Team Liquid vs GIANTX,Sunset,GIANTX,949,0.4,0.3115134865134865,0.33333333333333326
VCT 2025: EMEA Stage 2,Playoffs,Upper Semifinals,Team Liquid vs GIANTX,Corrode,GIANTX,950,0.4,0.3309579309579309,0.3333333333333333
VCT 2025: EMEA Stage 2,Playoffs,Upper Semifinals,Team Liquid vs GIANTX,Corrode,Team Liquid,950,0.5,0.6760202645651562,0.45
VCT 2025: EMEA Stage 2,Playoffs,Upper Semifinals,Team Liquid vs GIANTX,Ascent,GIANTX,951,0.4,0.5023865023865024,0.3333333333333333
VCT 2025: EMEA Stage 2,Playoffs,Upper Semifinals,Team Liquid vs GIANTX,Ascent,Team Liquid,951,0.5,0.5839567725016642,0.45
VCT 2025: EMEA Stage 2,Playoffs,Lower Round 1,FNATIC vs Karmine Corp,Haven,Karmine Corp,952,0.6,0.44305555555555554,0.5
VCT 2025: EMEA Stage 2,Playoffs,Lower Round 1,FNATIC vs Karmine Corp,Haven,FNATIC,952,0.6,0.5784632034632035,0.65
VCT 2025: EMEA Stage 2,Playoffs,Lower Round 1,FNATIC vs Karmine Corp,Corrode,Karmine Corp,953,0.5,0.46686507936507937,0.39999999999999997
VCT 2025: EMEA Stage 2,Playoffs,Lower Round 1,FNATIC vs Karmine Corp,Corrode,FNATIC,953,0.6,0.4819597069597069,0.65
VCT 2025: EMEA Stage 2,Playoffs,Lower Round 1,FNATIC vs Karmine Corp,Bind,Karmine Corp,954,0.5,0.5446428571428571,0.39999999999999997
VCT 2025: EMEA Stage 2,Playoffs,Lower Round 1,FNATIC vs Karmine Corp,Bind,FNATIC,954,0.6,0.4457692307692308,0.65
VCT 2025: EMEA Stage 2,Playoffs,Lower Round 1,Natus Vincere vs Team Vitality,Haven,Team Vitality,955,0.5,0.533073593073593,0.3833333333333333
VCT 2025: EMEA Stage 2,Playoffs,Lower Round 1,Natus Vincere vs Team Vitality,Haven,Natus Vincere,955,0.6,0.5395271395271395,0.6
VCT 2025: EMEA Stage 2,Playoffs,Lower Round 1,Natus Vincere vs Team Vitality,Bind,Team Vitality,956,0.5,0.5397402597402599,0.3833333333333333
VCT 2025: EMEA Stage 2,Playoffs,Lower Round 1,Natus Vincere vs Team Vitality,Bind,Natus Vincere,956,0.6,0.5827505827505828,0.5333333333333333
VCT 2025: EMEA Stage 2,Playoffs,Lower Round 2,GIANTX vs FNATIC,Lotus,GIANTX,957,0.5,0.5577436452436453,0.3833333333333333
VCT 2025: EMEA Stage 2,Playoffs,Lower Round 2,GIANTX vs FNATIC,Lotus,FNATIC,957,0.6,0.4563752913752914,0.65
VCT 2025: EMEA Stage 2,Playoffs,Lower Round 2,GIANTX vs FNATIC,Sunset,FNATIC,958,0.6,0.47228438228438224,0.5833333333333333
VCT 2025: EMEA Stage 2,Playoffs,Lower Round 2,GIANTX vs FNATIC,Sunset,GIANTX,958,0.4,0.6001678876678876,0.24999999999999994
VCT 2025: EMEA Stage 2,Playoffs,Lower Round 2,Team Heretics vs Natus Vincere,Icebox,Team Heretics,959,0.4,0.6016666666666667,0.38333333333333325
VCT 2025: EMEA Stage 2,Playoffs,Lower Round 2,Team Heretics vs Natus Vincere,Icebox,Natus Vincere,959,0.6,0.565867465867466,0.5333333333333333
VCT 2025: EMEA Stage 2,Playoffs,Lower Round 2,Team Heretics vs Natus Vincere,Haven,Natus Vincere,960,0.6,0.5882450882450883,0.5333333333333333
VCT 2025: EMEA Stage 2,Playoffs,Lower Round 2,Team Heretics vs Natus Vincere,Haven,Team Heretics,960,0.3,0.5254761904761904,0.3166666666666666
VCT 2025: EMEA Stage 2,Playoffs,Upper Final,BBL Esports vs Team Liquid,Ascent,Team Liquid,961,0.5,0.6084012169461086,0.45
VCT 2025: EMEA Stage 2,Playoffs,Upper Final,BBL Esports vs Team Liquid,Ascent,BBL Esports,961,0.7,0.649090909090909,0.6
VCT 2025: EMEA Stage 2,Playoffs,Upper Final,BBL Esports vs Team Liquid,Sunset,Team Liquid,962,0.5,0.6279500891265597,0.45
VCT 2025: EMEA Stage 2,Playoffs,Upper Final,BBL Esports vs Team Liquid,Sunset,BBL Esports,962,0.8,0.6323076923076922,0.6666666666666667
VCT 2025: EMEA Stage 2,Playoffs,Upper Final,BBL Esports vs Team Liquid,Bind,BBL Esports,963,0.7,0.5865934065934065,0.65
VCT 2025: EMEA Stage 2,Playoffs,Upper Final,BBL Esports vs Team Liquid,Bind,Team Liquid,963,0.7,0.5830303030303031,0.6
VCT 2025: EMEA Stage 2,Playoffs,Lower Round 3,GIANTX vs Natus Vincere,Icebox,Natus Vincere,964,0.7,0.622011322011322,0.6
VCT 2025: EMEA Stage 2,Playoffs,Lower Round 3,GIANTX vs Natus Vincere,Icebox,GIANTX,964,0.5,0.5617063492063492,0.3833333333333333
VCT 2025: EMEA Stage 2,Playoffs,Lower Round 3,GIANTX vs Natus Vincere,Sunset,GIANTX,965,0.5,0.5772619047619048,0.38333333333333325
VCT 2025: EMEA Stage 2,Playoffs,Lower Round 3,GIANTX vs Natus Vincere,Sunset,Natus Vincere,965,0.7,0.6982017982017983,0.5999999999999999
VCT 2025: EMEA Stage 2,Playoffs,Lower Round 3,GIANTX vs Natus Vincere,Haven,Natus Vincere,966,0.6,0.6597402597402597,0.5333333333333333
VCT 2025: EMEA Stage 2,Playoffs,Lower Round 3,GIANTX vs Natus Vincere,Haven,GIANTX,966,0.7,0.5391666666666667,0.5833333333333333
VCT 2025: EMEA Stage 2,Playoffs,Lower Final,BBL Esports vs GIANTX,Ascent,BBL Esports,967,0.7,0.5246886446886447,0.5833333333333333
VCT 2025: EMEA Stage 2,Playoffs,Lower Final,BBL Esports vs GIANTX,Ascent,GIANTX,967,0.8,0.572121212121212,0.7333333333333333
VCT 2025: EMEA Stage 2,Playoffs,Lower Final,BBL Esports vs GIANTX,Sunset,GIANTX,968,0.9,0.6187878787878789,0.8666666666666666
VCT 2025: EMEA Stage 2,Playoffs,Lower Final,BBL Esports vs GIANTX,Sunset,BBL Esports,968,0.5,0.4513553113553114,0.45
VCT 2025: EMEA Stage 2,Playoffs,Lower Final,BBL Esports vs GIANTX,Bind,GIANTX,969,0.8,0.6562878787878789,0.7333333333333333
VCT 2025: EMEA Stage 2,Playoffs,Lower Final,BBL Esports vs GIANTX,Bind,BBL Esports,969,0.4,0.4355977355977356,0.31666666666666665
VCT 2025: EMEA Stage 2,Showmatch,Main Event,Team France vs Team EMEA,Corrode,Team EMEA,970,,,
VCT 2025: EMEA Stage 2,Showmatch,Main Event,Team France vs Team EMEA,Corrode,Team France,970,,,
VCT 2025: EMEA Stage 2,Playoffs,Grand Final,Team Liquid vs GIANTX,Bind,Team Liquid,971,0.6,0.5443939393939394,0.5833333333333334
VCT 2025: EMEA Stage 2,Playoffs,Grand Final,Team Liquid vs GIANTX,Bind,GIANTX,971,0.9,0.7053787878787878,0.8666666666666666
VCT 2025: EMEA Stage 2,Playoffs,Grand Final,Team Liquid vs GIANTX,Lotus,Team Liquid,972,0.5,0.592012987012987,0.45
VCT 2025: EMEA Stage 2,Playoffs,Grand Final,Team Liquid vs GIANTX,Lotus,GIANTX,972,0.8,0.6720454545454546,0.7333333333333332
VCT 2025: EMEA Stage 2,Playoffs,Grand Final,Team Liquid vs GIANTX,Sunset,Team Liquid,973,0.5,0.5828463203463203,0.45
VCT 2025: EMEA Stage 2,Playoffs,Grand Final,Team Liquid vs GIANTX,Sunset,GIANTX,973,0.7,0.6265909090909091,0.5999999999999999
VCT 2025: Pacific Stage 2,Group Stage,Week 1,BOOM Esports vs TALON,Bind,BOOM Esports,974,0.4,0.4133333333333333,0.3333333333333333
VCT 2025: Pacific Stage 2,Group Stage,Week 1,BOOM Esports vs TALON,Bind,TALON,974,0.3,0.5297435897435897,0.17333333333333334
VCT 2025: Pacific Stage 2,Group Stage,Week 1,BOOM Esports vs TALON,Icebox,BOOM Esports,975,0.2,0.4066666666666666,0.13333333333333333
VCT 2025: Pacific Stage 2,Group Stage,Week 1,BOOM Esports vs TALON,Icebox,TALON,975,0.4,0.5143589743589743,0.24
VCT 2025: Pacific Stage 2,Group Stage,Week 1,Nongshim RedForce vs Team Secret,Sunset,Team Secret,976,0.7,0.4906642377230613,0.6333333333333333
VCT 2025: Pacific Stage 2,Group Stage,Week 1,Nongshim RedForce vs Team Secret,Sunset,Nongshim RedForce,976,0.7,0.5520979020979021,0.6333333333333332
VCT 2025: Pacific Stage 2,Group Stage,Week 1,Nongshim RedForce vs Team Secret,Ascent,Team Secret,977,0.8,0.5140408610996846,0.7666666666666667
VCT 2025: Pacific Stage 2,Group Stage,Week 1,Nongshim RedForce vs Team Secret,Ascent,Nongshim RedForce,977,0.6,0.5066433566433567,0.5666666666666667
VCT 2025: Pacific Stage 2,Group Stage,Week 1,Nongshim RedForce vs Team Secret,Lotus,Nongshim RedForce,978,0.5,0.5148484848484849,0.5
VCT 2025: Pacific Stage 2,Group Stage,Week 1,Nongshim RedForce vs Team Secret,Lotus,Team Secret,978,0.9,0.5695964166552401,0.8666666666666666
VCT 2025: Pacific Stage 2,Group Stage,Week 1,T1 vs Paper Rex,Haven,Paper Rex,979,0.3,0.659809863339275,0.1999999999999999
VCT 2025: Pacific Stage 2,Group Stage,Week 1,T1 vs Paper Rex,Haven,T1,979,0.4,0.3978787878787879,0.45
VCT 2025: Pacific Stage 2,Group Stage,Week 1,T1 vs Paper Rex,Lotus,Paper Rex,980,0.3,0.6395200082668113,0.1999999999999999
VCT 2025: Pacific Stage 2,Group Stage,Week 1,T1 vs Paper Rex,Lotus,T1,980,0.5,0.3729984051036682,0.4666666666666666
VCT 2025: Pacific Stage 2,Group Stage,Week 1,DRX vs Gen.G,Haven,DRX,981,0.5,0.5550051599587204,0.4
VCT 2025: Pacific Stage 2,Group Stage,Week 1,DRX vs Gen.G,Haven,Gen.G,981,0.7,0.45912087912087907,0.7
VCT 2025: Pacific Stage 2,Group Stage,Week 1,DRX vs Gen.G,Corrode,DRX,982,0.5,0.49912280701754386,0.4
VCT 2025: Pacific Stage 2,Group Stage,Week 1,DRX vs Gen.G,Corrode,Gen.G,982,0.7,0.4821978021978023,0.6666666666666666
VCT 2025: Pacific Stage 2,Group Stage,Week 1,Rex Regum Qeon vs Global Esports,Corrode,Global Esports,983,0.4,0.32987012987012987,0.3666666666666667
VCT 2025: Pacific Stage 2,Group Stage,Week 1,Rex Regum Qeon vs Global Esports,Corrode,Rex Regum Qeon,983,0.4,0.4783613445378151,0.31666666666666665
VCT 2025: Pacific Stage 2,Group Stage,Week 1,Rex Regum Qeon vs Global Esports,Haven,Rex Regum Qeon,984,0.5,0.42738095238095236,0.3833333333333334
VCT 2025: Pacific Stage 2,Group Stage,Week 1,Rex Regum Qeon vs Global Esports,Haven,Global Esports,984,0.3,0.4237162837162837,0.23333333333333334
VCT 2025: Pacific Stage 2,Group Stage,Week 1,ZETA DIVISION vs DetonatioN FocusMe,Haven,ZETA DIVISION,985,0.6,0.5480844155844157,0.44666666666666666
VCT 2025: Pacific Stage 2,Group Stage,Week 1,ZETA DIVISION vs DetonatioN FocusMe,Haven,DetonatioN FocusMe,985,0.2,0.4173076923076923,0.13333333333333336
VCT 2025: Pacific Stage 2,Group Stage,Week 1,ZETA DIVISION vs DetonatioN FocusMe,Lotus,DetonatioN FocusMe,986,0.3,0.5173076923076924,0.2666666666666667
VCT 2025: Pacific Stage 2,Group Stage,Week 1,ZETA DIVISION vs DetonatioN FocusMe,Lotus,ZETA DIVISION,986,0.4,0.4480844155844156,0.24666666666666667
VCT 2025: Pacific Stage 2,Group Stage,Week 1,ZETA DIVISION vs DetonatioN FocusMe,Icebox,DetonatioN FocusMe,987,0.3,0.425,0.2666666666666667
VCT 2025: Pacific Stage 2,Group Stage,Week 1,ZETA DIVISION vs DetonatioN FocusMe,Icebox,ZETA DIVISION,987,0.5,0.48300505050505055,0.3666666666666667
VCT 2025: Pacific Stage 2,Group Stage,Week 1,DRX vs Nongshim RedForce,Icebox,DRX,988,0.5,0.40745614035087724,0.3333333333333333
VCT 2025: Pacific Stage 2,Group Stage,Week 1,DRX vs Nongshim RedForce,Icebox,Nongshim RedForce,988,0.6,0.5572727272727273,0.6
VCT 2025: Pacific Stage 2,Group Stage,Week 1,DRX vs Nongshim RedForce,Bind,DRX,989,0.5,0.4416666666666667,0.4
VCT 2025: Pacific Stage 2,Group Stage,Week 1,DRX vs Nongshim RedForce,Bind,Nongshim RedForce,989,0.5,0.4966666666666667,0.4666666666666666
VCT 2025: Pacific Stage 2,Group Stage,Week 1,DRX vs Nongshim RedForce,Lotus,DRX,990,0.4,0.4216666666666667,0.33333333333333337
VCT 2025: Pacific Stage 2,Group Stage,Week 1,DRX vs Nongshim RedForce,Lotus,Nongshim RedForce,990,0.5,0.5866666666666667,0.39999999999999997
VCT 2025: Pacific Stage 2,Group Stage,Week 1,BOOM Esports vs T1,Ascent,T1,991,0.5,0.4071650717703349,0.4666666666666666
VCT 2025: Pacific Stage 2,Group Stage,Week 1,BOOM Esports vs T1,Ascent,BOOM Esports,991,0.1,0.4193650793650793,0.06666666666666667
VCT 2025: Pacific Stage 2,Group Stage,Week 1,BOOM Esports vs T1,Corrode,BOOM Esports,992,0.1,0.4162881562881563,0.06666666666666667
VCT 2025: Pacific Stage 2,Group Stage,Week 1,BOOM Esports vs T1,Corrode,T1,992,0.4,0.4045676691729323,0.33333333333333326
VCT 2025: Pacific Stage 2,Group Stage,Week 1,Global Esports vs Team Secret,Bind,Global Esports,993,0.4,0.5303829503829504,0.3
VCT 2025: Pacific Stage 2,Group Stage,Week 1,Global Esports vs Team Secret,Bind,Team Secret,993,0.7,0.5387140637140637,0.7333333333333333
VCT 2025: Pacific Stage 2,Group Stage,Week 1,Global Esports vs Team Secret,Corrode,Team Secret,994,0.7,0.5514413364413364,0.7333333333333333
VCT 2025: Pacific Stage 2,Group Stage,Week 1,Global Esports vs Team Secret,Corrode,Global Esports,994,0.3,0.517049617049617,0.23333333333333334
VCT 2025: Pacific Stage 2,Group Stage,Week 1,Global Esports vs Team Secret,Lotus,Team Secret,995,0.7,0.512979797979798,0.7
VCT 2025: Pacific Stage 2,Group Stage,Week 1,Global Esports vs Team Secret,Lotus,Global Esports,995,0.4,0.5765734265734267,0.33333333333333337
VCT 2025: Pacific Stage 2,Group Stage,Week 1,Paper Rex vs DetonatioN FocusMe,Haven,DetonatioN FocusMe,996,0.2,0.4954545454545455,0.20000000000000004
VCT 2025: Pacific Stage 2,Group Stage,Week 1,Paper Rex vs DetonatioN FocusMe,Haven,Paper Rex,996,0.3,0.6128946212699073,0.1999999999999999
VCT 2025: Pacific Stage 2,Group Stage,Week 1,Paper Rex vs DetonatioN FocusMe,Lotus,DetonatioN FocusMe,997,0.2,0.5204545454545455,0.20000000000000004
VCT 2025: Pacific Stage 2,Group Stage,Week 1,Paper Rex vs DetonatioN FocusMe,Lotus,Paper Rex,997,0.4,0.6128946212699073,0.3333333333333332
VCT 2025: Pacific Stage 2,Group Stage,Week 1,TALON vs ZETA DIVISION,Icebox,ZETA DIVISION,998,0.6,0.46967171717171724,0.45
VCT 2025: Pacific Stage 2,Group Stage,Week 1,TALON vs ZETA DIVISION,Icebox,TALON,998,0.6,0.5476923076923077,0.44000000000000006
VCT 2025: Pacific Stage 2,Group Stage,Week 1,TALON vs ZETA DIVISION,Bind,TALON,999,0.8,0.5149650349650349,0.64
VCT 2025: Pacific Stage 2,Group Stage,Week 1,TALON vs ZETA DIVISION,Bind,ZETA DIVISION,999,0.5,0.43217171717171726,0.4
VCT 2025: Pacific Stage 2,Group Stage,Week 1,Rex Regum Qeon vs Gen.G,Ascent,Rex Regum Qeon,1000,0.5,0.3638888888888889,0.45
VCT 2025: Pacific Stage 2,Group Stage,Week 1,Rex Regum Qeon vs Gen.G,Ascent,Gen.G,1000,0.7,0.5503296703296703,0.6666666666666666
VCT 2025: Pacific Stage 2,Group Stage,Week 1,Rex Regum Qeon vs Gen.G,Haven,Gen.G,1001,0.7,0.633966033966034,0.6666666666666666
VCT 2025: Pacific Stage 2,Group Stage,Week 1,Rex Regum Qeon vs Gen.G,Haven,Rex Regum Qeon,1001,0.5,0.3705555555555556,0.38333333333333336
VCT 2025: Pacific Stage 2,Group Stage,Week 1,Rex Regum Qeon vs Gen.G,Sunset,Rex Regum Qeon,1002,0.5,0.3038888888888889,0.4
VCT 2025: Pacific Stage 2,Group Stage,Week 1,Rex Regum Qeon vs Gen.G,Sunset,Gen.G,1002,0.6,0.6185814185814186,0.5666666666666667
VCT 2025: Pacific Stage 2,Group Stage,Week 2,Gen.G vs Global Esports,Icebox,Global Esports,1003,0.3,0.6181318681318682,0.23333333333333334
VCT 2025: Pacific Stage 2,Group Stage,Week 2,Gen.G vs Global Esports,Icebox,Gen.G,1003,0.4,0.6328671328671329,0.36666666666666664
VCT 2025: Pacific Stage 2,Group Stage,Week 2,Gen.G vs Global Esports,Haven,Global Esports,1004,0.4,0.6442857142857142,0.3666666666666667
VCT 2025: Pacific Stage 2,Group Stage,Week 2,Gen.G vs Global Esports,Haven,Gen.G,1004,0.3,0.5383616383616384,0.3
VCT 2025: Pacific Stage 2,Group Stage,Week 2,Gen.G vs Global Esports,Corrode,Global Esports,1005,0.4,0.4776190476190476,0.36666666666666664
VCT 2025: Pacific Stage 2,Group Stage,Week 2,Gen.G vs Global Esports,Corrode,Gen.G,1005,0.3,0.5663336663336663,0.2333333333333333
VCT 2025: Pacific Stage 2,Group Stage,Week 2,TALON vs DetonatioN FocusMe,Corrode,DetonatioN FocusMe,1006,0.2,0.5593434343434344,0.20000000000000004
VCT 2025: Pacific Stage 2,Group Stage,Week 2,TALON vs DetonatioN FocusMe,Corrode,TALON,1006,0.8,0.5980419580419579,0.7066666666666667
VCT 2025: Pacific Stage 2,Group Stage,Week 2,TALON vs DetonatioN FocusMe,Icebox,TALON,1007,0.7,0.6485181485181485,0.6666666666666667
VCT 2025: Pacific Stage 2,Group Stage,Week 2,TALON vs DetonatioN FocusMe,Icebox,DetonatioN FocusMe,1007,0.2,0.4393434343434343,0.20000000000000004
VCT 2025: Pacific Stage 2,Group Stage,Week 2,TALON vs DetonatioN FocusMe,Sunset,TALON,1008,0.6,0.6074925074925075,0.6
VCT 2025: Pacific Stage 2,Group Stage,Week 2,TALON vs DetonatioN FocusMe,Sunset,DetonatioN FocusMe,1008,0.3,0.5822005772005772,0.2666666666666667
VCT 2025: Pacific Stage 2,Group Stage,Week 2,T1 vs ZETA DIVISION,Corrode,ZETA DIVISION,1009,0.5,0.4451587301587302,0.4
VCT 2025: Pacific Stage 2,Group Stage,Week 2,T1 vs ZETA DIVISION,Corrode,T1,1009,0.4,0.5117105263157895,0.3333333333333333
VCT 2025: Pacific Stage 2,Group Stage,Week 2,T1 vs ZETA DIVISION,Sunset,ZETA DIVISION,1010,0.6,0.4718253968253968,0.4666666666666667
VCT 2025: Pacific Stage 2,Group Stage,Week 2,T1 vs ZETA DIVISION,Sunset,T1,1010,0.5,0.6183771929824561,0.4
VCT 2025: Pacific Stage 2,Group Stage,Week 2,Rex Regum Qeon vs Nongshim RedForce,Corrode,Rex Regum Qeon,1011,0.6,0.3561616161616161,0.5333333333333334
VCT 2025: Pacific Stage 2,Group Stage,Week 2,Rex Regum Qeon vs Nongshim RedForce,Corrode,Nongshim RedForce,1011,0.6,0.58,0.4666666666666667
VCT 2025: Pacific Stage 2,Group Stage,Week 2,Rex Regum Qeon vs Nongshim RedForce,Haven,Nongshim RedForce,1012,0.6,0.5862745098039215,0.4666666666666667
VCT 2025: Pacific Stage 2,Group Stage,Week 2,Rex Regum Qeon vs Nongshim RedForce,Haven,Rex Regum Qeon,1012,0.7,0.34663780663780663,0.6666666666666666
VCT 2025: Pacific Stage 2,Group Stage,Week 2,Rex Regum Qeon vs Nongshim RedForce,Icebox,Nongshim RedForce,1013,0.5,0.5362745098039216,0.3333333333333333
VCT 2025: Pacific Stage 2,Group Stage,Week 2,Rex Regum Qeon vs Nongshim RedForce,Icebox,Rex Regum Qeon,1013,0.7,0.45298701298701294,0.6
VCT 2025: Pacific Stage 2,Group Stage,Week 2,DRX vs Team Secret,Corrode,DRX,1014,0.4,0.4692857142857143,0.33333333333333337
VCT 2025: Pacific Stage 2,Group Stage,Week 2,DRX vs Team Secret,Corrode,Team Secret,1014,0.7,0.5577350427350427,0.6333333333333333
VCT 2025: Pacific Stage 2,Group Stage,Week 2,DRX vs Team Secret,Icebox,DRX,1015,0.4,0.5859523809523809,0.33333333333333337
VCT 2025: Pacific Stage 2,Group Stage,Week 2,DRX vs Team Secret,Icebox,Team Secret,1015,0.6,0.525989010989011,0.5
VCT 2025: Pacific Stage 2,Group Stage,Week 2,BOOM Esports vs Paper Rex,Bind,BOOM Esports,1016,0.3,0.4197069597069597,0.26666666666666666
VCT 2025: Pacific Stage 2,Group Stage,Week 2,BOOM Esports vs Paper Rex,Bind,Paper Rex,1016,0.6,0.5970216053968914,0.5333333333333332
VCT 2025: Pacific Stage 2,Group Stage,Week 2,BOOM Esports vs Paper Rex,Lotus,BOOM Esports,1017,0.5,0.35607059607059605,0.4666666666666666
VCT 2025: Pacific Stage 2,Group Stage,Week 2,BOOM Esports vs Paper Rex,Lotus,Paper Rex,1017,0.5,0.6462523746276606,0.4666666666666665
VCT 2025: Pacific Stage 2,Group Stage,Week 3,Gen.G vs Team Secret,Lotus,Gen.G,1018,0.3,0.5598401598401599,0.21666666666666665
VCT 2025: Pacific Stage 2,Group Stage,Week 3,Gen.G vs Team Secret,Lotus,Team Secret,1018,0.8,0.4843223443223444,0.6
VCT 2025: Pacific Stage 2,Group Stage,Week 3,Gen.G vs Team Secret,Ascent,Gen.G,1019,0.3,0.6493506493506492,0.25
VCT 2025: Pacific Stage 2,Group Stage,Week 3,Gen.G vs Team Secret,Ascent,Team Secret,1019,0.7,0.3443223443223443,0.4666666666666666
VCT 2025: Pacific Stage 2,Group Stage,Week 3,TALON vs T1,Corrode,TALON,1020,0.5,0.5408258408258407,0.45
VCT 2025: Pacific Stage 2,Group Stage,Week 3,TALON vs T1,Corrode,T1,1020,0.5,0.7033974358974359,0.3833333333333333
VCT 2025: Pacific Stage 2,Group Stage,Week 3,TALON vs T1,Lotus,TALON,1021,0.4,0.5385531135531135,0.31666666666666665
VCT 2025: Pacific Stage 2,Group Stage,Week 3,TALON vs T1,Lotus,T1,1021,0.4,0.7082051282051282,0.24999999999999994
VCT 2025: Pacific Stage 2,Group Stage,Week 3,BOOM Esports vs DetonatioN FocusMe,Lotus,DetonatioN FocusMe,1022,0.4,0.5492460317460318,0.33333333333333337
VCT 2025: Pacific Stage 2,Group Stage,Week 3,BOOM Esports vs DetonatioN FocusMe,Lotus,BOOM Esports,1022,0.6,0.33966033966033965,0.5333333333333333
VCT 2025: Pacific Stage 2,Group Stage,Week 3,BOOM Esports vs DetonatioN FocusMe,Corrode,BOOM Esports,1023,0.7,0.3682317682317683,0.6666666666666666
VCT 2025: Pacific Stage 2,Group Stage,Week 3,BOOM Esports vs DetonatioN FocusMe,Corrode,DetonatioN FocusMe,1023,0.5,0.5575793650793651,0.4
VCT 2025: Pacific Stage 2,Group Stage,Week 3,Rex Regum Qeon vs DRX,Bind,Rex Regum Qeon,1024,0.8,0.5463203463203463,0.7333333333333333
VCT 2025: Pacific Stage 2,Group Stage,Week 3,Rex Regum Qeon vs DRX,Bind,DRX,1024,0.3,0.6776190476190476,0.33333333333333337
VCT 2025: Pacific Stage 2,Group Stage,Week 3,Rex Regum Qeon vs DRX,Ascent,DRX,1025,0.4,0.6276190476190476,0.4
VCT 2025: Pacific Stage 2,Group Stage,Week 3,Rex Regum Qeon vs DRX,Ascent,Rex Regum Qeon,1025,0.7,0.5574314574314574,0.6666666666666667
VCT 2025: Pacific Stage 2,Group Stage,Week 3,Nongshim RedForce vs Global Esports,Corrode,Global Esports,1026,0.5,0.4359523809523809,0.4666666666666667
VCT 2025: Pacific Stage 2,Group Stage,Week 3,Nongshim RedForce vs Global Esports,Corrode,Nongshim RedForce,1026,0.4,0.5696078431372549,0.2666666666666667
VCT 2025: Pacific Stage 2,Group Stage,Week 3,Nongshim RedForce vs Global Esports,Bind,Global Esports,1027,0.4,0.4192857142857143,0.3666666666666667
VCT 2025: Pacific Stage 2,Group Stage,Week 3,Nongshim RedForce vs Global Esports,Bind,Nongshim RedForce,1027,0.4,0.538698752228164,0.3333333333333333
VCT 2025: Pacific Stage 2,Group Stage,Week 3,Paper Rex vs ZETA DIVISION,Lotus,ZETA DIVISION,1028,0.5,0.34404761904761905,0.4
VCT 2025: Pacific Stage 2,Group Stage,Week 3,Paper Rex vs ZETA DIVISION,Lotus,Paper Rex,1028,0.5,0.6409012040590988,0.4666666666666666
VCT 2025: Pacific Stage 2,Group Stage,Week 3,Paper Rex vs ZETA DIVISION,Sunset,Paper Rex,1029,0.5,0.6145854145854146,0.4666666666666666
VCT 2025: Pacific Stage 2,Group Stage,Week 3,Paper Rex vs ZETA DIVISION,Sunset,ZETA DIVISION,1029,0.5,0.36829004329004333,0.4666666666666667
VCT 2025: Pacific Stage 2,Group Stage,Week 4,Gen.G vs Nongshim RedForce,Lotus,Nongshim RedForce,1030,0.5,0.5726381461675578,0.4666666666666666
VCT 2025: Pacific Stage 2,Group Stage,Week 4,Gen.G vs Nongshim RedForce,Lotus,Gen.G,1030,0.3,0.6868506493506492,0.31666666666666665
VCT 2025: Pacific Stage 2,Group Stage,Week 4,Gen.G vs Nongshim RedForce,Ascent,Nongshim RedForce,1031,0.6,0.5768398268398268,0.5333333333333333
VCT 2025: Pacific Stage 2,Group Stage,Week 4,Gen.G vs Nongshim RedForce,Ascent,Gen.G,1031,0.4,0.7582792207792208,0.3833333333333333
VCT 2025: Pacific Stage 2,Group Stage,Week 4,TALON vs Paper Rex,Bind,TALON,1032,0.5,0.5554761904761903,0.3833333333333333
VCT 2025: Pacific Stage 2,Group Stage,Week 4,TALON vs Paper Rex,Bind,Paper Rex,1032,0.3,0.5854945054945054,0.26666666666666655
VCT 2025: Pacific Stage 2,Group Stage,Week 4,TALON vs Paper Rex,Icebox,Paper Rex,1033,0.1,0.5680341880341879,0.11666666666666656
VCT 2025: Pacific Stage 2,Group Stage,Week 4,TALON vs Paper Rex,Icebox,TALON,1033,0.7,0.48166666666666663,0.5166666666666666
VCT 2025: Pacific Stage 2,Group Stage,Week 4,DRX vs Global Esports,Lotus,DRX,1034,0.4,0.7168498168498169,0.45
VCT 2025: Pacific Stage 2,Group Stage,Week 4,DRX vs Global Esports,Lotus,Global Esports,1034,0.4,0.3973076923076923,0.3666666666666667
VCT 2025: Pacific Stage 2,Group Stage,Week 4,DRX vs Global Esports,Icebox,DRX,1035,0.4,0.7358974358974358,0.45000000000000007
VCT 2025: Pacific Stage 2,Group Stage,Week 4,DRX vs Global Esports,Icebox,Global Esports,1035,0.3,0.3096153846153847,0.3
VCT 2025: Pacific Stage 2,Group Stage,Week 4,BOOM Esports vs ZETA DIVISION,Lotus,ZETA DIVISION,1036,0.7,0.40995670995670996,0.6
VCT 2025: Pacific Stage 2,Group Stage,Week 4,BOOM Esports vs ZETA DIVISION,Lotus,BOOM Esports,1036,0.6,0.29130869130869136,0.6
VCT 2025: Pacific Stage 2,Group Stage,Week 4,BOOM Esports vs ZETA DIVISION,Corrode,ZETA DIVISION,1037,0.7,0.4295055821371611,0.6
VCT 2025: Pacific Stage 2,Group Stage,Week 4,BOOM Esports vs ZETA DIVISION,Corrode,BOOM Esports,1037,0.5,0.31328671328671326,0.45
VCT 2025: Pacific Stage 2,Group Stage,Week 4,BOOM Esports vs ZETA DIVISION,Ascent,BOOM Esports,1038,0.5,0.3314685314685315,0.45
VCT 2025: Pacific Stage 2,Group Stage,Week 4,BOOM Esports vs ZETA DIVISION,Ascent,ZETA DIVISION,1038,0.6,0.5253389154704944,0.5333333333333334
VCT 2025: Pacific Stage 2,Group Stage,Week 4,Rex Regum Qeon vs Team Secret,Ascent,Rex Regum Qeon,1039,0.7,0.519047619047619,0.6666666666666667
VCT 2025: Pacific Stage 2,Group Stage,Week 4,Rex Regum Qeon vs Team Secret,Ascent,Team Secret,1039,0.8,0.33321123321123325,0.5
VCT 2025: Pacific Stage 2,Group Stage,Week 4,Rex Regum Qeon vs Team Secret,Icebox,Rex Regum Qeon,1040,0.6,0.5619047619047619,0.5333333333333334
VCT 2025: Pacific Stage 2,Group Stage,Week 4,Rex Regum Qeon vs Team Secret,Icebox,Team Secret,1040,0.7,0.32936507936507936,0.4333333333333333
VCT 2025: Pacific Stage 2,Group Stage,Week 4,Rex Regum Qeon vs Team Secret,Sunset,Rex Regum Qeon,1041,0.6,0.615151515151515,0.5333333333333333
VCT 2025: Pacific Stage 2,Group Stage,Week 4,Rex Regum Qeon vs Team Secret,Sunset,Team Secret,1041,0.7,0.3522222222222222,0.4666666666666666
VCT 2025: Pacific Stage 2,Group Stage,Week 4,T1 vs DetonatioN FocusMe,Sunset,T1,1042,0.3,0.6453479853479853,0.2233333333333333
VCT 2025: Pacific Stage 2,Group Stage,Week 4,T1 vs DetonatioN FocusMe,Sunset,DetonatioN FocusMe,1042,0.7,0.6464682539682539,0.6
VCT 2025: Pacific Stage 2,Group Stage,Week 4,T1 vs DetonatioN FocusMe,Haven,T1,1043,0.4,0.6574358974358974,0.2899999999999999
VCT 2025: Pacific Stage 2,Group Stage,Week 4,T1 vs DetonatioN FocusMe,Haven,DetonatioN FocusMe,1043,0.6,0.6521825396825397,0.5
VCT 2025: Pacific Stage 2,Playoffs,Upper Round 1,TALON vs Nongshim RedForce,Lotus,Nongshim RedForce,1044,0.6,0.6464476699770817,0.5166666666666666
VCT 2025: Pacific Stage 2,Playoffs,Upper Round 1,TALON vs Nongshim RedForce,Lotus,TALON,1044,0.7,0.5149999999999999,0.5166666666666666
VCT 2025: Pacific Stage 2,Playoffs,Upper Round 1,TALON vs Nongshim RedForce,Corrode,TALON,1045,0.7,0.6021794871794872,0.5333333333333333
VCT 2025: Pacific Stage 2,Playoffs,Upper Round 1,TALON vs Nongshim RedForce,Corrode,Nongshim RedForce,1045,0.7,0.5686698921993039,0.5833333333333333
VCT 2025: Pacific Stage 2,Playoffs,Upper Round 1,Rex Regum Qeon vs T1,Bind,Rex Regum Qeon,1046,0.6,0.6272727272727272,0.5333333333333334
VCT 2025: Pacific Stage 2,Playoffs,Upper Round 1,Rex Regum Qeon vs T1,Bind,T1,1046,0.3,0.6607692307692308,0.22333333333333324
VCT 2025: Pacific Stage 2,Playoffs,Upper Round 1,Rex Regum Qeon vs T1,Haven,Rex Regum Qeon,1047,0.6,0.6328282828282829,0.5833333333333334
VCT 2025: Pacific Stage 2,Playoffs,Upper Round 1,Rex Regum Qeon vs T1,Haven,T1,1047,0.4,0.6343956043956045,0.37333333333333324
VCT 2025: Pacific Stage 2,Playoffs,Upper Round 1,Rex Regum Qeon vs T1,Sunset,Rex Regum Qeon,1048,0.6,0.6670163170163169,0.5166666666666667
VCT 2025: Pacific Stage 2,Playoffs,Upper Round 1,Rex Regum Qeon vs T1,Sunset,T1,1048,0.3,0.6343956043956045,0.35666666666666663
VCT 2025: Pacific Stage 2,Playoffs,Upper Semifinals,DRX vs TALON,Bind,TALON,1049,0.7,0.600989010989011,0.5333333333333333
VCT 2025: Pacific Stage 2,Playoffs,Upper Semifinals,DRX vs TALON,Bind,DRX,1049,0.5,0.6625641025641025,0.5166666666666667
VCT 2025: Pacific Stage 2,Playoffs,Upper Semifinals,DRX vs TALON,Haven,TALON,1050,0.7,0.5467032967032966,0.4666666666666666
VCT 2025: Pacific Stage 2,Playoffs,Upper Semifinals,DRX vs TALON,Haven,DRX,1050,0.5,0.620897435897436,0.5000000000000001
VCT 2025: Pacific Stage 2,Playoffs,Upper Semifinals,DRX vs TALON,Lotus,TALON,1051,0.6,0.5967032967032967,0.4
VCT 2025: Pacific Stage 2,Playoffs,Upper Semifinals,DRX vs TALON,Lotus,DRX,1051,0.4,0.620897435897436,0.3666666666666667
VCT 2025: Pacific Stage 2,Playoffs,Upper Semifinals,Paper Rex vs T1,Sunset,T1,1052,0.5,0.6620879120879122,0.5166666666666666
VCT 2025: Pacific Stage 2,Playoffs,Upper Semifinals,Paper Rex vs T1,Sunset,Paper Rex,1052,0.2,0.516985236985237,0.18333333333333324
VCT 2025: Pacific Stage 2,Playoffs,Upper Semifinals,Paper Rex vs T1,Bind,T1,1053,0.5,0.5642857142857143,0.5166666666666666
VCT 2025: Pacific Stage 2,Playoffs,Upper Semifinals,Paper Rex vs T1,Bind,Paper Rex,1053,0.2,0.5926262626262627,0.21666666666666656
VCT 2025: Pacific Stage 2,Playoffs,Lower Round 1,Nongshim RedForce vs DetonatioN FocusMe,Lotus,DetonatioN FocusMe,1054,0.7,0.5537698412698412,0.6333333333333334
VCT 2025: Pacific Stage 2,Playoffs,Lower Round 1,Nongshim RedForce vs DetonatioN FocusMe,Lotus,Nongshim RedForce,1054,0.6,0.5495789831083948,0.4499999999999999
VCT 2025: Pacific Stage 2,Playoffs,Lower Round 1,Nongshim RedForce vs DetonatioN FocusMe,Ascent,DetonatioN FocusMe,1055,0.6,0.5301587301587302,0.5666666666666668
VCT 2025: Pacific Stage 2,Playoffs,Lower Round 1,Nongshim RedForce vs DetonatioN FocusMe,Ascent,Nongshim RedForce,1055,0.6,0.5389729225023343,0.45
VCT 2025: Pacific Stage 2,Playoffs,Lower Round 1,Rex Regum Qeon vs Gen.G,Haven,Gen.G,1056,0.4,0.6542388167388167,0.45
VCT 2025: Pacific Stage 2,Playoffs,Lower Round 1,Rex Regum Qeon vs Gen.G,Haven,Rex Regum Qeon,1056,0.5,0.6527306027306027,0.45
VCT 2025: Pacific Stage 2,Playoffs,Lower Round 1,Rex Regum Qeon vs Gen.G,Sunset,Gen.G,1057,0.4,0.6029783125371361,0.4666666666666667
VCT 2025: Pacific Stage 2,Playoffs,Lower Round 1,Rex Regum Qeon vs Gen.G,Sunset,Rex Regum Qeon,1057,0.5,0.5709124209124209,0.45
VCT 2025: Pacific Stage 2,Playoffs,Lower Round 1,Rex Regum Qeon vs Gen.G,Corrode,Gen.G,1058,0.4,0.528852438411262,0.4
VCT 2025: Pacific Stage 2,Playoffs,Lower Round 1,Rex Regum Qeon vs Gen.G,Corrode,Rex Regum Qeon,1058,0.4,0.5454578754578755,0.3166666666666667
VCT 2025: Pacific Stage 2,Playoffs,Lower Round 2,T1 vs Nongshim RedForce,Ascent,T1,1059,0.5,0.4688311688311688,0.5166666666666666
VCT 2025: Pacific Stage 2,Playoffs,Lower Round 2,T1 vs Nongshim RedForce,Ascent,Nongshim RedForce,1059,0.6,0.5151633986928104,0.45
VCT 2025: Pacific Stage 2,Playoffs,Lower Round 2,T1 vs Nongshim RedForce,Lotus,T1,1060,0.4,0.4593073593073592,0.38333333333333325
VCT 2025: Pacific Stage 2,Playoffs,Lower Round 2,T1 vs Nongshim RedForce,Lotus,Nongshim RedForce,1060,0.6,0.44222222222222224,0.4666666666666666
VCT 2025: Pacific Stage 2,Playoffs,Lower Round 2,DRX vs Rex Regum Qeon,Icebox,Rex Regum Qeon,1061,0.5,0.5787912087912087,0.4
VCT 2025: Pacific Stage 2,Playoffs,Lower Round 2,DRX vs Rex Regum Qeon,Icebox,DRX,1061,0.4,0.5593589743589743,0.35666666666666674
VCT 2025: Pacific Stage 2,Playoffs,Lower Round 2,DRX vs Rex Regum Qeon,Corrode,DRX,1062,0.3,0.5060256410256411,0.29000000000000004
VCT 2025: Pacific Stage 2,Playoffs,Lower Round 2,DRX vs Rex Regum Qeon,Corrode,Rex Regum Qeon,1062,0.5,0.5723809523809523,0.4666666666666667
VCT 2025: Pacific Stage 2,Playoffs,Upper Final,TALON vs Paper Rex,Haven,Paper Rex,1063,0.4,0.5926262626262627,0.41666666666666663
VCT 2025: Pacific Stage 2,Playoffs,Upper Final,TALON vs Paper Rex,Haven,TALON,1063,0.7,0.6217032967032967,0.4666666666666666
VCT 2025: Pacific Stage 2,Playoffs,Upper Final,TALON vs Paper Rex,Bind,Paper Rex,1064,0.4,0.630273321449792,0.41666666666666663
VCT 2025: Pacific Stage 2,Playoffs,Upper Final,TALON vs Paper Rex,Bind,TALON,1064,0.8,0.5123015873015873,0.6
VCT 2025: Pacific Stage 2,Playoffs,Lower Round 3,T1 vs Rex Regum Qeon,Sunset,Rex Regum Qeon,1065,0.6,0.5933333333333334,0.6
VCT 2025: Pacific Stage 2,Playoffs,Lower Round 3,T1 vs Rex Regum Qeon,Sunset,T1,1065,0.6,0.5124542124542124,0.5333333333333332
VCT 2025: Pacific Stage 2,Playoffs,Lower Round 3,T1 vs Rex Regum Qeon,Haven,Rex Regum Qeon,1066,0.6,0.5933333333333334,0.6
VCT 2025: Pacific Stage 2,Playoffs,Lower Round 3,T1 vs Rex Regum Qeon,Haven,T1,1066,0.5,0.5224089635854342,0.3999999999999999
VCT 2025: Pacific Stage 2,Playoffs,Lower Round 3,T1 vs Rex Regum Qeon,Ascent,Rex Regum Qeon,1067,0.6,0.5996491228070175,0.6
VCT 2025: Pacific Stage 2,Playoffs,Lower Round 3,T1 vs Rex Regum Qeon,Ascent,T1,1067,0.5,0.5351909184726522,0.3999999999999999
VCT 2025: Pacific Stage 2,Showmatch,Main Event,Team World vs Glory Once Again,Corrode,Team World,1068,,,
VCT 2025: Pacific Stage 2,Showmatch,Main Event,Team World vs Glory Once Again,Corrode,Glory Once Again,1068,,,
VCT 2025: Pacific Stage 2,Playoffs,Lower Final,TALON vs Rex Regum Qeon,Bind,TALON,1069,0.8,0.4996031746031746,0.6
VCT 2025: Pacific Stage 2,Playoffs,Lower Final,TALON vs Rex Regum Qeon,Bind,Rex Regum Qeon,1069,0.5,0.6229824561403509,0.4666666666666666
VCT 2025: Pacific Stage 2,Playoffs,Lower Final,TALON vs Rex Regum Qeon,Haven,Rex Regum Qeon,1070,0.3,0.5663157894736841,0.26666666666666666
VCT 2025: Pacific Stage 2,Playoffs,Lower Final,TALON vs Rex Regum Qeon,Haven,TALON,1070,0.8,0.5738888888888888,0.6666666666666666
VCT 2025: Pacific Stage 2,Playoffs,Lower Final,TALON vs Rex Regum Qeon,Corrode,Rex Regum Qeon,1071,0.2,0.5596491228070175,0.13333333333333336
VCT 2025: Pacific Stage 2,Playoffs,Lower Final,TALON vs Rex Regum Qeon,Corrode,TALON,1071,0.9,0.579017094017094,0.8
VCT 2025: Pacific Stage 2,Playoffs,Lower Final,TALON vs Rex Regum Qeon,Icebox,Rex Regum Qeon,1072,0.3,0.5721491228070175,0.2
VCT 2025: Pacific Stage 2,Playoffs,Lower Final,TALON vs Rex Regum Qeon,Icebox,TALON,1072,0.7,0.5606837606837607,0.6666666666666666
VCT 2025: Pacific Stage 2,Playoffs,Lower Final,TALON vs Rex Regum Qeon,Sunset,Rex Regum Qeon,1073,0.3,0.5925,0.20000000000000004
VCT 2025: Pacific Stage 2,Playoffs,Lower Final,TALON vs Rex Regum Qeon,Sunset,TALON,1073,0.6,0.5162393162393162,0.5333333333333333
VCT 2025: Pacific Stage 2,Playoffs,Grand Final,Paper Rex vs Rex Regum Qeon,Ascent,Rex Regum Qeon,1074,0.4,0.5302777777777778,0.2666666666666667
VCT 2025: Pacific Stage 2,Playoffs,Grand Final,Paper Rex vs Rex Regum Qeon,Ascent,Paper Rex,1074,0.5,0.6576237488002195,0.43333333333333324
VCT 2025: Pacific Stage 2,Playoffs,Grand Final,Paper Rex vs Rex Regum Qeon,Lotus,Paper Rex,1075,0.6,0.7030782942547649,0.4999999999999999
VCT 2025: Pacific Stage 2,Playoffs,Grand Final,Paper Rex vs Rex Regum Qeon,Lotus,Rex Regum Qeon,1075,0.4,0.5611868686868686,0.2666666666666667
VCT 2025: Pacific Stage 2,Playoffs,Grand Final,Paper Rex vs Rex Regum Qeon,Haven,Rex Regum Qeon,1076,0.5,0.606641414141414,0.33333333333333337
VCT 2025: Pacific Stage 2,Playoffs,Grand Final,Paper Rex vs Rex Regum Qeon,Haven,Paper Rex,1076,0.6,0.6086338498103203,0.4999999999999999
VCT 2025: Pacific Stage 2,Playoffs,Grand Final,Paper Rex vs Rex Regum Qeon,Bind,Paper Rex,1077,0.6,0.6317107728872435,0.4999999999999999
VCT 2025: Pacific Stage 2,Playoffs,Grand Final,Paper Rex vs Rex Regum Qeon,Bind,Rex Regum Qeon,1077,0.3,0.585050505050505,0.2
Valorant Champions 2025,Group Stage,Opening (A),Paper Rex vs Xi Lai Gaming,Bind,Xi Lai Gaming,1189,0.5,0.33376623376623377,0.3125
Valorant Champions 2025,Group Stage,Opening (A),Paper Rex vs Xi Lai Gaming,Bind,Paper Rex,1189,0.8,0.6413364413364413,0.7
Valorant Champions 2025,Group Stage,Opening (A),Paper Rex vs Xi Lai Gaming,Sunset,Xi Lai Gaming,1190,0.5,0.367012987012987,0.31666666666666665
Valorant Champions 2025,Group Stage,Opening (A),Paper Rex vs Xi Lai Gaming,Sunset,Paper Rex,1190,0.8,0.6228749028749029,0.7333333333333332
Valorant Champions 2025,Group Stage,Opening (A),GIANTX vs Sentinels,Corrode,Sentinels,1191,0.5,0.3973076923076923,0.4
Valorant Champions 2025,Group Stage,Opening (A),GIANTX vs Sentinels,Corrode,GIANTX,1191,0.5,0.5465909090909091,0.3999999999999999
Valorant Champions 2025,Group Stage,Opening (A),GIANTX vs Sentinels,Sunset,Sentinels,1192,0.5,0.48016483516483516,0.4
Valorant Champions 2025,Group Stage,Opening (A),GIANTX vs Sentinels,Sunset,GIANTX,1192,0.5,0.4890909090909091,0.39999999999999997
Valorant Champions 2025,Group Stage,Opening (A),GIANTX vs Sentinels,Haven,Sentinels,1193,0.5,0.5218315018315018,0.4666666666666666
Valorant Champions 2025,Group Stage,Opening (A),GIANTX vs Sentinels,Haven,GIANTX,1193,0.4,0.5633333333333332,0.29999999999999993
Valorant Champions 2025,Group Stage,Opening (C),NRG vs EDward Gaming,Abyss,EDward Gaming,1194,0.5,0.3981684981684982,0.4666666666666666
Valorant Champions 2025,Group Stage,Opening (C),NRG vs EDward Gaming,Abyss,Mega Minors,1194,0.4,0.5716317016317016,0.29999999999999993
Valorant Champions 2025,Group Stage,Opening (C),NRG vs EDward Gaming,Corrode,EDward Gaming,1195,0.6,0.4271540054148749,0.5333333333333333
Valorant Champions 2025,Group Stage,Opening (C),NRG vs EDward Gaming,Corrode,Mega Minors,1195,0.4,0.5843589743589744,0.29999999999999993
Valorant Champions 2025,Group Stage,Opening (C),Team Liquid vs DRX,Abyss,DRX,1196,0.2,0.4926923076923077,0.22333333333333338
Valorant Champions 2025,Group Stage,Opening (C),Team Liquid vs DRX,Abyss,Team Liquid,1196,0.6,0.5518939393939394,0.5833333333333333
Valorant Champions 2025,Group Stage,Opening (C),Team Liquid vs DRX,Bind,DRX,1197,0.4,0.47435897435897434,0.3733333333333334
Valorant Champions 2025,Group Stage,Opening (C),Team Liquid vs DRX,Bind,Team Liquid,1197,0.4,0.6191666666666666,0.3833333333333333
Valorant Champions 2025,Group Stage,Opening (D),Dragon Ranger Gaming vs T1,Lotus,Dragon Ranger Gaming,1198,,,
Valorant Champions 2025,Group Stage,Opening (D),Dragon Ranger Gaming vs T1,Lotus,T1,1198,0.7,0.517009100290834,0.5999999999999999
Valorant Champions 2025,Group Stage,Opening (D),Dragon Ranger Gaming vs T1,Sunset,Dragon Ranger Gaming,1199,1.0,0.42857142857142855,1.0
Valorant Champions 2025,Group Stage,Opening (D),Dragon Ranger Gaming vs T1,Sunset,T1,1199,0.6,0.5336757669575007,0.5333333333333332
Valorant Champions 2025,Group Stage,Opening (D),G2 Esports vs Team Heretics,Corrode,G2 Esports,1200,0.5,0.602554945054945,0.4
Valorant Champions 2025,Group Stage,Opening (D),G2 Esports vs Team Heretics,Corrode,Team Heretics,1200,0.3,0.49214285714285716,0.3166666666666666
Valorant Champions 2025,Group Stage,Opening (D),G2 Esports vs Team Heretics,Lotus,G2 Esports,1201,0.4,0.6082692307692308,0.38333333333333336
Valorant Champions 2025,Group Stage,Opening (D),G2 Esports vs Team Heretics,Lotus,Team Heretics,1201,0.3,0.46071428571428574,0.3166666666666666
Valorant Champions 2025,Group Stage,Opening (B),Bilibili Gaming vs MIBR,Haven,MIBR,1202,0.3,0.5230882352941176,0.2833333333333333
Valorant Champions 2025,Group Stage,Opening (B),Bilibili Gaming vs MIBR,Haven,Bilibili Gaming,1202,0.5,0.3928571428571429,0.5666666666666667
Valorant Champions 2025,Group Stage,Opening (B),Bilibili Gaming vs MIBR,Corrode,MIBR,1203,0.4,0.5605882352941176,0.41666666666666663
Valorant Champions 2025,Group Stage,Opening (B),Bilibili Gaming vs MIBR,Corrode,Bilibili Gaming,1203,0.3,0.34523809523809523,0.36666666666666664
Valorant Champions 2025,Group Stage,Opening (B),Rex Regum Qeon vs FNATIC,Ascent,FNATIC,1204,0.6,0.4622843822843823,0.5333333333333333
Valorant Champions 2025,Group Stage,Opening (B),Rex Regum Qeon vs FNATIC,Ascent,Rex Regum Qeon,1204,0.2,0.5614607614607615,0.13333333333333336
Valorant Champions 2025,Group Stage,Opening (B),Rex Regum Qeon vs FNATIC,Abyss,FNATIC,1205,0.6,0.5406060606060606,0.5333333333333333
Valorant Champions 2025,Group Stage,Opening (B),Rex Regum Qeon vs FNATIC,Abyss,Rex Regum Qeon,1205,0.1,0.5614607614607614,0.06666666666666668
Valorant Champions 2025,Group Stage,Winner's (A),Paper Rex vs GIANTX,Ascent,Paper Rex,1206,0.8,0.5992385392385392,0.7999999999999999
Valorant Champions 2025,Group Stage,Winner's (A),Paper Rex vs GIANTX,Ascent,GIANTX,1206,0.4,0.5919047619047619,0.29999999999999993
Valorant Champions 2025,Group Stage,Winner's (A),Paper Rex vs GIANTX,Lotus,GIANTX,1207,0.3,0.603015873015873,0.2833333333333333
Valorant Champions 2025,Group Stage,Winner's (A),Paper Rex vs GIANTX,Lotus,Paper Rex,1207,0.9,0.6026573426573426,0.8333333333333333
Valorant Champions 2025,Group Stage,Winner's (A),Paper Rex vs GIANTX,Sunset,GIANTX,1208,0.4,0.5953235653235653,0.35
Valorant Champions 2025,Group Stage,Winner's (A),Paper Rex vs GIANTX,Sunset,Paper Rex,1208,0.8,0.6129137529137528,0.7
Valorant Champions 2025,Group Stage,Winner's (C),DRX vs NRG,Haven,Mega Minors,1209,0.4,0.5676923076923077,0.3166666666666666
Valorant Champions 2025,Group Stage,Winner's (C),DRX vs NRG,Haven,DRX,1209,0.4,0.49935897435897436,0.3733333333333334
Valorant Champions 2025,Group Stage,Winner's (C),DRX vs NRG,Corrode,DRX,1210,0.6,0.5116666666666667,0.5333333333333334
Valorant Champions 2025,Group Stage,Winner's (C),DRX vs NRG,Corrode,Mega Minors,1210,0.3,0.561025641025641,0.2666666666666666
Valorant Champions 2025,Group Stage,Winner's (C),DRX vs NRG,Lotus,Mega Minors,1211,0.4,0.5819047619047619,0.3333333333333333
Valorant Champions 2025,Group Stage,Winner's (C),DRX vs NRG,Lotus,DRX,1211,0.7,0.5066666666666666,0.6666666666666667
Valorant Champions 2025,Group Stage,Winner's (D),Team Heretics vs T1,Lotus,Team Heretics,1212,0.4,0.5307142857142857,0.33333333333333326
Valorant Champions 2025,Group Stage,Winner's (D),Team Heretics vs T1,Lotus,T1,1212,0.6,0.4829580636082184,0.5333333333333332
Valorant Champions 2025,Group Stage,Winner's (D),Team Heretics vs T1,Sunset,T1,1213,0.6,0.47959671907040324,0.5333333333333333
Valorant Champions 2025,Group Stage,Winner's (D),Team Heretics vs T1,Sunset,Team Heretics,1213,0.5,0.5233613445378151,0.4666666666666666
Valorant Champions 2025,Group Stage,Winner's (B),MIBR vs FNATIC,Bind,MIBR,1214,0.5,0.5833333333333333,0.5166666666666666
Valorant Champions 2025,Group Stage,Winner's (B),MIBR vs FNATIC,Bind,FNATIC,1214,0.6,0.573939393939394,0.5333333333333333
Valorant Champions 2025,Group Stage,Winner's (B),MIBR vs FNATIC,Abyss,FNATIC,1215,0.5,0.5038095238095238,0.4
Valorant Champions 2025,Group Stage,Winner's (B),MIBR vs FNATIC,Abyss,MIBR,1215,0.5,0.6621794871794872,0.5166666666666666
Valorant Champions 2025,Group Stage,Winner's (B),MIBR vs FNATIC,Haven,FNATIC,1216,0.5,0.5629004329004329,0.4
Valorant Champions 2025,Group Stage,Winner's (B),MIBR vs FNATIC,Haven,MIBR,1216,0.6,0.6197552447552448,0.5666666666666667
Valorant Champions 2025,Group Stage,Elimination (C),Team Liquid vs EDward Gaming,Sunset,EDward Gaming,1217,0.6,0.46715400541487495,0.5333333333333333
Valorant Champions 2025,Group Stage,Elimination (C),Team Liquid vs EDward Gaming,Sunset,Team Liquid,1217,0.5,0.5798809523809523,0.4666666666666666
Valorant Champions 2025,Group Stage,Elimination (C),Team Liquid vs EDward Gaming,Abyss,EDward Gaming,1218,0.7,0.523098061358931,0.6
Valorant Champions 2025,Group Stage,Elimination (C),Team Liquid vs EDward Gaming,Abyss,Team Liquid,1218,0.4,0.446547619047619,0.4
Valorant Champions 2025,Group Stage,Elimination (C),Team Liquid vs EDward Gaming,Bind,EDward Gaming,1219,0.6,0.498098061358931,0.4666666666666667
Valorant Champions 2025,Group Stage,Elimination (C),Team Liquid vs EDward Gaming,Bind,Team Liquid,1219,0.4,0.4557142857142857,0.4
Valorant Champions 2025,Group Stage,Elimination (A),Xi Lai Gaming vs Sentinels,Abyss,Xi Lai Gaming,1220,0.4,0.4209812409812409,0.25
Valorant Champions 2025,Group Stage,Elimination (A),Xi Lai Gaming vs Sentinels,Abyss,Sentinels,1220,0.6,0.4851648351648352,0.5333333333333333
Valorant Champions 2025,Group Stage,Elimination (A),Xi Lai Gaming vs Sentinels,Lotus,Sentinels,1221,0.6,0.49952380952380954,0.4666666666666666
Valorant Champions 2025,Group Stage,Elimination (A),Xi Lai Gaming vs Sentinels,Lotus,Xi Lai Gaming,1221,0.3,0.4571717171717172,0.2333333333333333
Valorant Champions 2025,Group Stage,Elimination (A),Xi Lai Gaming vs Sentinels,Haven,Xi Lai Gaming,1222,0.2,0.5271717171717172,0.18333333333333332
Valorant Champions 2025,Group Stage,Elimination (A),Xi Lai Gaming vs Sentinels,Haven,Sentinels,1222,0.7,0.49043290043290044,0.6
Valorant Champions 2025,Group Stage,Elimination (B),Bilibili Gaming vs Rex Regum Qeon,Sunset,Bilibili Gaming,1223,0.2,0.3935897435897436,0.35
Valorant Champions 2025,Group Stage,Elimination (B),Bilibili Gaming vs Rex Regum Qeon,Sunset,Rex Regum Qeon,1223,0.2,0.5505516705516705,0.13333333333333336
Valorant Champions 2025,Group Stage,Elimination (B),Bilibili Gaming vs Rex Regum Qeon,Lotus,Bilibili Gaming,1224,0.4,0.4269230769230769,0.5
Valorant Champions 2025,Group Stage,Elimination (B),Bilibili Gaming vs Rex Regum Qeon,Lotus,Rex Regum Qeon,1224,0.1,0.5050971250971251,0.06666666666666668
Valorant Champions 2025,Group Stage,Elimination (B),Bilibili Gaming vs Rex Regum Qeon,Abyss,Bilibili Gaming,1225,0.3,0.45787545787545786,0.36666666666666664
Valorant Champions 2025,Group Stage,Elimination (B),Bilibili Gaming vs Rex Regum Qeon,Abyss,Rex Regum Qeon,1225,0.2,0.557045177045177,0.13333333333333336
Valorant Champions 2025,Group Stage,Elimination (D),G2 Esports vs Dragon Ranger Gaming,Lotus,G2 Esports,1226,0.4,0.5851923076923077,0.4166666666666667
Valorant Champions 2025,Group Stage,Elimination (D),G2 Esports vs Dragon Ranger Gaming,Lotus,Dragon Ranger Gaming,1226,0.5,0.45238095238095233,0.5
Valorant Champions 2025,Group Stage,Elimination (D),G2 Esports vs Dragon Ranger Gaming,Abyss,G2 Esports,1227,0.4,0.6036538461538461,0.4833333333333333
Valorant Champions 2025,Group Stage,Elimination (D),G2 Esports vs Dragon Ranger Gaming,Abyss,Dragon Ranger Gaming,1227,0.5,0.4682539682539682,0.4166666666666667
Valorant Champions 2025,Group Stage,Decider (C),DRX vs Team Liquid,Corrode,DRX,1228,0.7,0.5333333333333333,0.6666666666666667
Valorant Champions 2025,Group Stage,Decider (C),DRX vs Team Liquid,Corrode,Team Liquid,1228,0.2,0.4923809523809523,0.25
Valorant Champions 2025,Group Stage,Decider (C),DRX vs Team Liquid,Abyss,DRX,1229,0.6,0.5599999999999999,0.5333333333333334
Valorant Champions 2025,Group Stage,Decider (C),DRX vs Team Liquid,Abyss,Team Liquid,1229,0.3,0.3923809523809524,0.31666666666666665
Valorant Champions 2025,Group Stage,Decider (A),GIANTX vs Xi Lai Gaming,Bind,Xi Lai Gaming,1230,0.2,0.5877777777777778,0.1833333333333333
Valorant Champions 2025,Group Stage,Decider (A),GIANTX vs Xi Lai Gaming,Bind,GIANTX,1230,0.3,0.601037851037851,0.28333333333333327
Valorant Champions 2025,Group Stage,Decider (A),GIANTX vs Xi Lai Gaming,Ascent,Xi Lai Gaming,1231,0.2,0.5583660130718954,0.18333333333333332
Valorant Champions 2025,Group Stage,Decider (A),GIANTX vs Xi Lai Gaming,Ascent,GIANTX,1231,0.3,0.5462759462759463,0.24999999999999992
Valorant Champions 2025,Group Stage,Decider (D),T1 vs G2 Esports,Lotus,T1,1232,0.7,0.4811004784688994,0.6666666666666666
Valorant Champions 2025,Group Stage,Decider (D),T1 vs G2 Esports,Lotus,G2 Esports,1232,0.4,0.6459615384615385,0.4833333333333333
Valorant Champions 2025,Group Stage,Decider (D),T1 vs G2 Esports,Corrode,G2 Esports,1233,0.5,0.6315384615384615,0.55
Valorant Champions 2025,Group Stage,Decider (D),T1 vs G2 Esports,Corrode,T1,1233,0.6,0.5370445344129554,0.5333333333333332
Valorant Champions 2025,Group Stage,Decider (B),MIBR vs Rex Regum Qeon,Corrode,MIBR,1234,0.6,0.6297552447552448,0.5166666666666666
Valorant Champions 2025,Group Stage,Decider (B),MIBR vs Rex Regum Qeon,Corrode,Rex Regum Qeon,1234,0.3,0.6006349206349206,0.2
Valorant Champions 2025,Group Stage,Decider (B),MIBR vs Rex Regum Qeon,Abyss,Rex Regum Qeon,1235,0.3,0.5622510822510823,0.2
Valorant Champions 2025,Group Stage,Decider (B),MIBR vs Rex Regum Qeon,Abyss,MIBR,1235,0.6,0.5820279720279721,0.5166666666666666
Valorant Champions 2025,Playoffs,Upper Quarterfinals,Paper Rex vs G2 Esports,Lotus,G2 Esports,1236,0.7,0.6346153846153846,0.7
Valorant Champions 2025,Playoffs,Upper Quarterfinals,Paper Rex vs G2 Esports,Lotus,Paper Rex,1236,0.8,0.59992673992674,0.7
Valorant Champions 2025,Playoffs,Upper Quarterfinals,Paper Rex vs G2 Esports,Corrode,G2 Esports,1237,0.8,0.6146153846153846,0.8
Valorant Champions 2025,Playoffs,Upper Quarterfinals,Paper Rex vs G2 Esports,Corrode,Paper Rex,1237,0.7,0.60492673992674,0.6499999999999999
Valorant Champions 2025,Playoffs,Upper Quarterfinals,Paper Rex vs G2 Esports,Ascent,G2 Esports,1238,0.7,0.5904395604395605,0.7166666666666666
Valorant Champions 2025,Playoffs,Upper Quarterfinals,Paper Rex vs G2 Esports,Ascent,Paper Rex,1238,0.7,0.51492673992674,0.6499999999999999
Valorant Champions 2025,Playoffs,Upper Quarterfinals,FNATIC vs DRX,Haven,FNATIC,1239,0.7,0.5562337662337662,0.6
Valorant Champions 2025,Playoffs,Upper Quarterfinals,FNATIC vs DRX,Haven,DRX,1239,0.7,0.585,0.6666666666666666
Valorant Champions 2025,Playoffs,Upper Quarterfinals,FNATIC vs DRX,Ascent,FNATIC,1240,0.7,0.5757142857142858,0.6
Valorant Champions 2025,Playoffs,Upper Quarterfinals,FNATIC vs DRX,Ascent,DRX,1240,0.5,0.5983333333333333,0.5166666666666666
Valorant Champions 2025,Playoffs,Upper Quarterfinals,FNATIC vs DRX,Lotus,DRX,1241,0.4,0.6833333333333333,0.38333333333333336
Valorant Champions 2025,Playoffs,Upper Quarterfinals,FNATIC vs DRX,Lotus,FNATIC,1241,0.8,0.5157142857142858,0.7333333333333333
Valorant Champions 2025,Playoffs,Upper Quarterfinals,Team Heretics vs MIBR,Corrode,Team Heretics,1242,0.5,0.6073949579831933,0.4666666666666666
Valorant Champions 2025,Playoffs,Upper Quarterfinals,Team Heretics vs MIBR,Corrode,MIBR,1242,0.6,0.6053613053613054,0.5166666666666666
Valorant Champions 2025,Playoffs,Upper Quarterfinals,Team Heretics vs MIBR,Sunset,MIBR,1243,0.6,0.5658008658008657,0.5166666666666666
Valorant Champions 2025,Playoffs,Upper Quarterfinals,Team Heretics vs MIBR,Sunset,Team Heretics,1243,0.5,0.5823949579831933,0.4666666666666666
Valorant Champions 2025,Playoffs,Upper Quarterfinals,NRG vs GIANTX,Haven,Mega Minors,1244,0.3,0.6304761904761904,0.1833333333333333
Valorant Champions 2025,Playoffs,Upper Quarterfinals,NRG vs GIANTX,Haven,GIANTX,1244,0.4,0.5253968253968254,0.38333333333333325
Valorant Champions 2025,Playoffs,Upper Quarterfinals,NRG vs GIANTX,Lotus,GIANTX,1245,0.4,0.44761904761904764,0.33333333333333326
Valorant Champions 2025,Playoffs,Upper Quarterfinals,NRG vs GIANTX,Lotus,Mega Minors,1245,0.5,0.6704761904761906,0.3833333333333333
Valorant Champions 2025,Playoffs,Lower Round 1,DRX vs G2 Esports,Lotus,G2 Esports,1246,0.5,0.5698513251454428,0.5166666666666666
Valorant Champions 2025,Playoffs,Lower Round 1,DRX vs G2 Esports,Lotus,DRX,1246,0.4,0.6433333333333333,0.4166666666666667
Valorant Champions 2025,Playoffs,Lower Round 1,DRX vs G2 Esports,Abyss,G2 Esports,1247,0.4,0.6039172592113768,0.45
Valorant Champions 2025,Playoffs,Lower Round 1,DRX vs G2 Esports,Abyss,DRX,1247,0.5,0.5700000000000001,0.4833333333333334
Valorant Champions 2025,Playoffs,Lower Round 1,DRX vs G2 Esports,Bind,G2 Esports,1248,0.3,0.5975070028011205,0.3
Valorant Champions 2025,Playoffs,Lower Round 1,DRX vs G2 Esports,Bind,DRX,1248,0.4,0.5575,0.35000000000000003
Valorant Champions 2025,Playoffs,Lower Round 1,Team Heretics vs GIANTX,Ascent,GIANTX,1249,0.5,0.41245421245421243,0.4666666666666666
Valorant Champions 2025,Playoffs,Lower Round 1,Team Heretics vs GIANTX,Ascent,Team Heretics,1249,0.4,0.4823949579831933,0.3333333333333333
Valorant Champions 2025,Playoffs,Lower Round 1,Team Heretics vs GIANTX,Lotus,GIANTX,1250,0.6,0.3667399267399268,0.5333333333333333
Valorant Champions 2025,Playoffs,Lower Round 1,Team Heretics vs GIANTX,Lotus,Team Heretics,1250,0.4,0.5123949579831933,0.39999999999999997
Valorant Champions 2025,Playoffs,Lower Round 1,Team Heretics vs GIANTX,Bind,GIANTX,1251,0.7,0.41594627594627587,0.6666666666666666
Valorant Champions 2025,Playoffs,Lower Round 1,Team Heretics vs GIANTX,Bind,Team Heretics,1251,0.3,0.4447478991596639,0.3166666666666666
Valorant Champions 2025,Playoffs,Upper Semifinals,FNATIC vs Paper Rex,Bind,Paper Rex,1252,0.7,0.51492673992674,0.7166666666666666
Valorant Champions 2025,Playoffs,Upper Semifinals,FNATIC vs Paper Rex,Bind,FNATIC,1252,0.8,0.6124175824175825,0.7333333333333334
Valorant Champions 2025,Playoffs,Upper Semifinals,FNATIC vs Paper Rex,Haven,FNATIC,1253,0.7,0.5690842490842491,0.6666666666666667
Valorant Champions 2025,Playoffs,Upper Semifinals,FNATIC vs Paper Rex,Haven,Paper Rex,1253,0.8,0.48159340659340655,0.85
Valorant Champions 2025,Playoffs,Upper Semifinals,FNATIC vs Paper Rex,Lotus,FNATIC,1254,0.6,0.6190842490842491,0.6
Valorant Champions 2025,Playoffs,Upper Semifinals,FNATIC vs Paper Rex,Lotus,Paper Rex,1254,0.7,0.43397435897435893,0.7
Valorant Champions 2025,Playoffs,Upper Semifinals,MIBR vs NRG,Abyss,MIBR,1255,0.6,0.6177489177489177,0.5666666666666667
Valorant Champions 2025,Playoffs,Upper Semifinals,MIBR vs NRG,Abyss,Mega Minors,1255,0.4,0.6971428571428572,0.36666666666666664
Valorant Champions 2025,Playoffs,Upper Semifinals,MIBR vs NRG,Haven,MIBR,1256,0.7,0.5927489177489178,0.6333333333333333
Valorant Champions 2025,Playoffs,Upper Semifinals,MIBR vs NRG,Haven,Mega Minors,1256,0.5,0.7062337662337662,0.41666666666666663
Valorant Champions 2025,Playoffs,Upper Semifinals,MIBR vs NRG,Corrode,MIBR,1257,0.7,0.6291125541125542,0.6333333333333334
Valorant Champions 2025,Playoffs,Upper Semifinals,MIBR vs NRG,Corrode,Mega Minors,1257,0.4,0.6633766233766234,0.35
Valorant Champions 2025,Playoffs,Lower Round 2,Paper Rex vs Team Heretics,Ascent,Team Heretics,1258,0.4,0.4126623376623376,0.38333333333333325
Valorant Champions 2025,Playoffs,Lower Round 2,Paper Rex vs Team Heretics,Ascent,Paper Rex,1258,0.7,0.42326007326007326,0.7
Valorant Champions 2025,Playoffs,Lower Round 2,Paper Rex vs Team Heretics,Bind,Team Heretics,1259,0.4,0.4103896103896104,0.3833333333333333
Valorant Champions 2025,Playoffs,Lower Round 2,Paper Rex vs Team Heretics,Bind,Paper Rex,1259,0.6,0.4799267399267399,0.5666666666666667
Valorant Champions 2025,Playoffs,Lower Round 2,Paper Rex vs Team Heretics,Lotus,Paper Rex,1260,0.5,0.4799267399267399,0.43333333333333324
Valorant Champions 2025,Playoffs,Lower Round 2,Paper Rex vs Team Heretics,Lotus,Team Heretics,1260,0.4,0.4909090909090909,0.38333333333333325
Valorant Champions 2025,Playoffs,Lower Round 2,MIBR vs DRX,Sunset,MIBR,1261,0.7,0.6076839826839826,0.5666666666666667
Valorant Champions 2025,Playoffs,Lower Round 2,MIBR vs DRX,Sunset,DRX,1261,0.5,0.5813095238095238,0.3666666666666667
Valorant Champions 2025,Playoffs,Lower Round 2,MIBR vs DRX,Ascent,MIBR,1262,0.7,0.6267316017316018,0.5666666666666667
Valorant Champions 2025,Playoffs,Lower Round 2,MIBR vs DRX,Ascent,DRX,1262,0.6,0.5213095238095238,0.4333333333333334
Valorant Champions 2025,Playoffs,Lower Round 2,MIBR vs DRX,Bind,DRX,1263,0.5,0.5784523809523809,0.37333333333333335
Valorant Champions 2025,Playoffs,Lower Round 2,MIBR vs DRX,Bind,MIBR,1263,0.8,0.5544626941685765,0.6666666666666666
Valorant Champions 2025,Playoffs,Upper Final,FNATIC vs NRG,Ascent,Mega Minors,1264,0.3,0.6652399774138905,0.33999999999999997
Valorant Champions 2025,Playoffs,Upper Final,FNATIC vs NRG,Ascent,FNATIC,1264,0.6,0.6505128205128206,0.6
Valorant Champions 2025,Playoffs,Upper Final,FNATIC vs NRG,Abyss,Mega Minors,1265,0.2,0.5911223303550669,0.19
Valorant Champions 2025,Playoffs,Upper Final,FNATIC vs NRG,Abyss,FNATIC,1265,0.5,0.641941391941392,0.4666666666666667
Valorant Champions 2025,Playoffs,Lower Round 3,DRX vs Paper Rex,Ascent,DRX,1266,0.5,0.6107600732600733,0.44000000000000006
Valorant Champions 2025,Playoffs,Lower Round 3,DRX vs Paper Rex,Ascent,Paper Rex,1266,0.4,0.5599267399267399,0.29999999999999993
Valorant Champions 2025,Playoffs,Lower Round 3,DRX vs Paper Rex,Lotus,DRX,1267,0.5,0.6032600732600732,0.44000000000000006
Valorant Champions 2025,Playoffs,Lower Round 3,DRX vs Paper Rex,Lotus,Paper Rex,1267,0.4,0.6043711843711844,0.31666666666666654
Valorant Champions 2025,Playoffs,Lower Final,FNATIC vs DRX,Sunset,FNATIC,1268,0.5,0.5630952380952381,0.4666666666666666
Valorant Champions 2025,Playoffs,Lower Final,FNATIC vs DRX,Sunset,DRX,1268,0.6,0.5627838827838828,0.5733333333333334
Valorant Champions 2025,Playoffs,Lower Final,FNATIC vs DRX,Corrode,FNATIC,1269,0.6,0.5135714285714286,0.5333333333333333
Valorant Champions 2025,Playoffs,Lower Final,FNATIC vs DRX,Corrode,DRX,1269,0.6,0.5961172161172161,0.5733333333333334
Valorant Champions 2025,Playoffs,Lower Final,FNATIC vs DRX,Haven,FNATIC,1270,0.6,0.5453896103896104,0.4666666666666666
Valorant Champions 2025,Playoffs,Lower Final,FNATIC vs DRX,Haven,DRX,1270,0.7,0.5008791208791209,0.6
Valorant Champions 2025,Playoffs,Lower Final,FNATIC vs DRX,Bind,FNATIC,1271,0.4,0.5076118326118326,0.31666666666666665
Valorant Champions 2025,Playoffs,Lower Final,FNATIC vs DRX,Bind,DRX,1271,0.7,0.4885714285714286,0.6
Valorant Champions 2025,Playoffs,Grand Final,NRG vs FNATIC,Corrode,Mega Minors,1272,0.3,0.6129405121732487,0.24
Valorant Champions 2025,Playoffs,Grand Final,NRG vs FNATIC,Corrode,FNATIC,1272,0.4,0.5998196248196248,0.31666666666666665
Valorant Champions 2025,Playoffs,Grand Final,NRG vs FNATIC,Lotus,Mega Minors,1273,0.3,0.687182936415673,0.25666666666666665
Valorant Champions 2025,Playoffs,Grand Final,NRG vs FNATIC,Lotus,FNATIC,1273,0.4,0.5248196248196247,0.3166666666666667
Valorant Champions 2025,Playoffs,Grand Final,NRG vs FNATIC,Abyss,FNATIC,1274,0.4,0.4898989898989899,0.31666666666666665
Valorant Champions 2025,Playoffs,Grand Final,NRG vs FNATIC,Abyss,Mega Minors,1274,0.4,0.7399301891629257,0.32333333333333336
Valorant Champions 2025,Playoffs,Grand Final,NRG vs FNATIC,Ascent,Mega Minors,1275,0.5,0.7042322486594932,0.3333333333333333
Valorant Champions 2025,Playoffs,Grand Final,NRG vs FNATIC,Ascent,FNATIC,1275,0.4,0.43749257278669046,0.31666666666666665
Valorant Champions 2025,Playoffs,Grand Final,NRG vs FNATIC,Sunset,Mega Minors,1276,0.5,0.6598883572567783,0.3333333333333333
Valorant Champions 2025,Playoffs,Grand Final,NRG vs FNATIC,Sunset,FNATIC,1276,0.5,0.4691165044106221,0.3333333333333333
